[00:43:00.856] [    info] [loader] pumpit1 ROM ZIP: roms\pumpit1.zip
[00:43:00.857] [    info] [loader] pumpit1 CHD: roms\pumpit1\19990930.chd
[00:43:00.857] [    info] [loader] pumpit1 mount root: build/runtime_mounts\pumpit1
[00:43:00.857] [    info] [loader] pumpit1 mount cache reused: true
[00:43:00.857] [    info] [loader] pumpit1 extracted files/bytes: 0/0
[00:43:00.857] [    info] [loader] Win32 loader target: pumpit1
[00:43:00.857] [    info] [loader] Win32 loader executable: build/runtime_mounts\pumpit1\PIU\PIU.EXE
[00:43:00.857] [    info] [loader] Win32 host image base policy: 0x10000000
[00:43:00.857] [    info] [loader] Win32 loader policy: valid
[00:43:00.857] [    info] [loader] Win32 host pointer bits: 32
[00:43:00.857] [    info] [loader] Win32 direct x86 execution: supported
[00:43:00.857] [    info] [loader] Win32 fixed reserve base: 0x00010000
[00:43:00.857] [    info] [loader] Win32 fixed reserve size: 0x005D7000
[00:43:00.857] [    info] [loader] Win32 fixed reserve end: 0x005E7000
[00:43:00.857] [    info] [loader] Win32 loader policy message: 32-bit host process can reserve original x86 runtime range
[00:43:00.857] [    info] [loader] Win32 host range probe: valid
[00:43:00.857] [ warning] [loader] Win32 host range available: false
[00:43:00.857] [    info] [loader] Win32 host probe base: 0x00010000
[00:43:00.857] [    info] [loader] Win32 host probe size: 0x005D7000
[00:43:00.857] [ warning] [loader] Win32 host first blocking block base: 0x00010000
[00:43:00.857] [ warning] [loader] Win32 host first blocking block size: 0x00003000
[00:43:00.857] [ warning] [loader] Win32 host first blocking block state: MEM_COMMIT
[00:43:00.857] [ warning] [loader] Win32 host range probe message: target address range is not fully free
[00:43:00.857] [    info] [loader] Win32 early reservation attempt: valid
[00:43:00.857] [ warning] [loader] Win32 early reservation result: not reserved
[00:43:00.857] [    info] [loader] Win32 requested reserve base: 0x00010000
[00:43:00.857] [    info] [loader] Win32 requested reserve size: 0x005D7000
[00:43:00.858] [ warning] [loader] Win32 reservation error: 487
[00:43:00.858] [ warning] [loader] Win32 early reservation message: VirtualAlloc MEM_RESERVE failed with error 487
[00:43:00.860] [    info] [loader] DOS4GW bound module count: 5
[00:43:00.860] [    info] [loader] LINEXE runtime extraction: header=0x000155F4 next=0x00020754 entry=0x00000080:0x00000013 segments=3 relocations=236
[00:43:00.860] [    info] [loader] LINEXE extracted segment: selector=0x00000080 limit=0x0000914F access=0x0000009A image=37200 relocations=169
[00:43:00.860] [    info] [loader] LINEXE extracted segment: selector=0x00000088 limit=0x00000000 access=0x00000092 image=1 relocations=0
[00:43:00.860] [    info] [loader] LINEXE extracted segment: selector=0x00000090 limit=0x00001D5F access=0x00000092 image=18592 relocations=67
[00:43:00.860] [    info] [loader] Glide2x resident export metadata count: 173
[00:43:00.861] [    info] [loader] Win32 relocated base candidate 0x01000000: occupied
[00:43:00.861] [    info] [loader] Win32 relocated base candidate 0x02000000: occupied
[00:43:00.861] [    info] [loader] Win32 relocated base candidate 0x03000000: available
[00:43:00.861] [    info] [loader] Win32 relocated base candidate 0x03000000 reserved size: 0x085D7000
[00:43:00.861] [    info] [loader] Win32 selected relocated image base: 0x03000000
[00:43:00.861] [    info] [loader] Runtime memory arena plan: valid
[00:43:00.861] [    info] [loader] Runtime memory arena base: 0x03000000
[00:43:00.861] [    info] [loader] Runtime memory arena image reserve size: 0x005D7000
[00:43:00.861] [    info] [loader] Runtime memory arena expansion slack size: 0x08000000
[00:43:00.861] [    info] [loader] Runtime memory arena reserve size: 0x085D7000
[00:43:00.861] [    info] [loader] Runtime memory arena end: 0x0B5D7000
[00:43:00.861] [    info] [loader] Runtime memory arena message: runtime memory arena plan is ready
[00:43:00.909] [    info] [loader] Win32 requested execution backend: aot-dbt
[00:43:00.909] [    info] [loader] Win32 AOT indirect inline-cache slots: 4
[00:43:00.909] [    info] [loader] Win32 AOT guarded segment-pop enabled: true
[00:43:00.909] [    info] [loader] Win32 AOT-DBT superblock HLE dispatch enabled: false
[00:43:00.909] [    info] [loader] Win32 AOT timer safe points enabled/sites: true/967
[00:43:00.909] [    info] [loader] Guest stack switch plan: valid
[00:43:00.909] [    info] [loader] Guest stack switch entry: 0x030F4BB8
[00:43:00.909] [    info] [loader] Guest stack switch stack base: 0x03110000
[00:43:00.909] [    info] [loader] Guest stack switch stack limit: 0x035D6E60
[00:43:00.909] [    info] [loader] Guest stack switch initial ESP: 0x035D6E60
[00:43:00.909] [    info] [loader] Guest stack switch message: guest stack switch plan is ready
[00:43:00.909] [    info] [loader] HLE dispatcher table: valid
[00:43:00.909] [    info] [loader] HLE dispatcher trap count: 3
[00:43:00.909] [    info] [loader] HLE dispatcher message: initial HLE dispatcher table is ready
[00:43:00.909] [    info] [loader] DOS virtual filesystem: valid
[00:43:00.909] [    info] [loader] DOS virtual filesystem root: E:\MYWORK\Projects\rePIU\build\runtime_mounts\pumpit1
[00:43:00.909] [    info] [loader] DOS virtual filesystem current directory: \PIU
[00:43:00.909] [    info] [loader] DOS virtual filesystem message: DOS virtual filesystem is ready
[00:43:00.910] [    info] [loader] Win32 relocated image placement: valid
[00:43:00.910] [    info] [loader] Win32 relocated image placement result: placed
[00:43:00.910] [    info] [loader] Win32 relocated image requested base: 0x03000000
[00:43:00.910] [    info] [loader] Win32 relocated image requested size: 0x085D7000
[00:43:00.910] [    info] [loader] Win32 relocated image placed base: 0x03000000
[00:43:00.910] [    info] [loader] Win32 relocated image placed size: 0x085D7000
[00:43:00.910] [    info] [loader] Win32 relocated image copied objects: 4
[00:43:00.910] [    info] [loader] Win32 relocated image protected objects: 4
[00:43:00.910] [    info] [loader] Win32 relocated selector binding count: 4
[00:43:00.910] [    info] [loader] Win32 relocated selector binding: selector=0x001C object=1 base=0x03000000 limit=0x0000000F
[00:43:00.910] [    info] [loader] Win32 relocated selector binding: selector=0x0024 object=2 base=0x03010000 limit=0x000EF0CF
[00:43:00.910] [    info] [loader] Win32 relocated selector binding: selector=0x002C object=3 base=0x03100000 limit=0x00000047
[00:43:00.910] [    info] [loader] Win32 relocated selector binding: selector=0x0034 object=4 base=0x03110000 limit=0x004C6E5F
[00:43:00.910] [    info] [loader] Win32 relocated image placement message: relocated image placed in precommitted Win32 process memory
[00:43:00.917] [    info] [loader] Win32 AOT cache base/bytes/entry: 0x0C3A0000/362947/0x0C3A0000
[00:43:00.917] [    info] [loader] Win32 AOT plan jump tables/targets: 15/111
[repiu-live-debug] env REPIU_EXECUTION_TIMEOUT_MS = 0
[00:43:00.917] [    info] [loader] Win32 guest execution timeout: disabled
[repiu-ymz] loaded piu10.u9 (2097152 bytes) into a 4194304 byte space, crc32 0x9c436cfa (matches MAME pumpit1)
[repiu-ymz] YMZ280B ready through SDL3 at 88200 Hz
[repiu-live] elapsed_ms=0 poll=0 phase=1 heartbeat=0 dispatch_entry=0 dispatch_exit=0 last_eip=0x00000000 progress=0 single_step=0 aot=0/0 fast=0/0/0 routea=0/0 region=0/0/0/0/0 span=0/0/0/0/0 span_cache=0/0 span_reject_cache=0/0/0/0/0 span_write=0/0/0 span_cancel_last=0x00000000/0x00000000 span_jump=0/0 retired_span=0/0 selguard=0/65/0/0/0 posthle=0/0 prov=0/0/0/0/0/0/0/0 reject=0x00000000:0x00000000/0x00 bytes=0000000000000000
[repiu-live-debug] icache patch #1 miss=0x0C3F8846 guest=0x030FB6B5 cache=0x0C3F89C3 site_guest=0x030F7FBF entries=4 chosen=0 guard=0xE9
[repiu-live-debug] icache patch #2 miss=0x0C3F8A2E guest=0x030F7FC1 cache=0x0C3F8A46 site_guest=0x030FB6BF entries=4 chosen=0 guard=0xE9
[repiu-live-debug] icache patch #3 miss=0x0C3F8B5E guest=0x030F5A8A cache=0x0C3F8C0A site_guest=0x030F7FBF entries=4 chosen=0 guard=0xE9
[repiu-live-debug] icache patch #4 miss=0x0C3F8C6B guest=0x030F7FC1 cache=0x0C3F8A46 site_guest=0x030F5A8A entries=4 chosen=0 guard=0xE9
[repiu-live-debug] icache patch #5 miss=0x0C3F8B5E guest=0x030F807B cache=0x0C3F8C83 site_guest=0x030F7FBF entries=4 chosen=1 guard=0xE9
[repiu-live-debug] icache patch #6 miss=0x0C3F8EAC guest=0x030F806E cache=0x0C3F8DA1 site_guest=0x030FB8B0 entries=4 chosen=0 guard=0xE9
[repiu-live-debug] icache patch #7 miss=0x0C3F8E04 guest=0x030F80AA cache=0x0C3F8CC9 site_guest=0x030F8070 entries=4 chosen=0 guard=0xE9
[repiu-live-debug] icache patch #8 miss=0x0C3F8D4D guest=0x030F7FC1 cache=0x0C3F8A46 site_guest=0x030F80C4 entries=4 chosen=0 guard=0xE9
[repiu-live-debug] icache patch #9 miss=0x0C3F8B5E guest=0x030FB996 cache=0x0C3F8EC4 site_guest=0x030F7FBF entries=4 chosen=2 guard=0xE9
[repiu-live-debug] icache patch #10 miss=0x0C3F8F8B guest=0x030F7FC1 cache=0x0C3F8A46 site_guest=0x030FB9EA entries=4 chosen=0 guard=0xE9
[repiu-live-debug] icache patch #11 miss=0x0C3F8B5E guest=0x030F7D02 cache=0x0C3F8FA3 site_guest=0x030F7FBF entries=4 chosen=3 guard=0xE9
[repiu-live-debug] icache patch #12 miss=0x0C3F900E guest=0x030F7FC1 cache=0x0C3F8A46 site_guest=0x030F7D0C entries=4 chosen=0 guard=0xE9
[repiu-live-debug] icache patch #13 miss=0x0C3F8B5E guest=0x030F5108 cache=0x0C3F9026 site_guest=0x030F7FBF entries=4 chosen=0 guard=0x0F
[repiu-live-debug] icache patch #14 miss=0x0C3F9091 guest=0x030F7FC1 cache=0x0C3F8A46 site_guest=0x030F5112 entries=4 chosen=0 guard=0xE9
[repiu-live-debug] icache patch #15 miss=0x0C3F8B5E guest=0x030FC6F8 cache=0x0C3F90A9 site_guest=0x030F7FBF entries=4 chosen=1 guard=0x0F
[repiu-live-debug] icache patch #16 miss=0x0C3FA732 guest=0x030F8770 cache=0x0C3A3CAF site_guest=0x030F8460 entries=4 chosen=0 guard=0xE9
[repiu-live] DOS INT 21h AH=25h vector 0x09 set to 0023:03042D14
[repiu-live] DOS INT 21h AH=25h vector 0xE9 set to 002B:00000020
[repiu-live-debug] glide gate entry #1 ordinal=32 name=_GRGLIDEINIT@0 ret=0x03059883 esp=0x035D6ACC
[repiu-live-debug] retire guard reset #1 page=0x030FE000 guards=1 entries=190
[repiu-live-debug] glide gate entry #2 ordinal=37 name=_GRSSTQUERYHARDWARE@4 ret=0x0305988D esp=0x035D6AC8
[repiu-live-debug] retire guard reset #2 page=0x030FE000 guards=1 entries=186
[repiu-live-debug] glide gate entry #3 ordinal=38 name=_GRSSTSELECT@4 ret=0x030598A6 esp=0x035D6AC8
[repiu-live-debug] glide gate entry #4 ordinal=38 name=_GRSSTSELECT@4 ret=0x0305928C esp=0x035D6B34
[repiu-live-debug] retire guard reset #3 page=0x030FE000 guards=1 entries=180
[repiu-live-debug] glide gate entry #5 ordinal=118 name=_GRSSTWINOPEN@28 ret=0x030592A7 esp=0x035D6B1C
[repiu-live-debug] _GRSSTWINOPEN@28: mode_supported=1 opened=1 message=640x480 logical Glide window opened at 2x (1280x960)
[repiu-live-debug] retire guard reset #4 page=0x030FE000 guards=1 entries=3
[repiu-live-debug] glide gate entry #6 ordinal=39 name=_GRSSTSCREENWIDTH@0 ret=0x03059315 esp=0x035D6B38
[repiu-live-debug] retire guard reset #5 page=0x030FE000 guards=1 entries=3
[repiu-live-debug] glide gate entry #7 ordinal=40 name=_GRSSTSCREENHEIGHT@0 ret=0x03059320 esp=0x035D6B38
[repiu-live-debug] retire guard reset #6 page=0x030FE000 guards=1 entries=166
[repiu-live-debug] glide gate entry #8 ordinal=44 name=_GRTEXMINADDRESS@4 ret=0x0304DBEB esp=0x035D6B0C
[repiu-live-debug] retire guard reset #7 page=0x030FE000 guards=1 entries=3
[repiu-live-debug] glide gate entry #9 ordinal=45 name=_GRTEXMAXADDRESS@4 ret=0x0304DBF3 esp=0x035D6B0C
[repiu-live-debug] retire guard reset #8 page=0x030FE000 guards=1 entries=26
[repiu-live-debug] glide gate entry #10 ordinal=91 name=_GRCOLORMASK@8 ret=0x0305946B esp=0x035D6B30
[repiu-live-debug] retire guard reset #9 page=0x030FE000 guards=1 entries=12
[repiu-live-debug] glide gate entry #11 ordinal=106 name=_GRRENDERBUFFER@4 ret=0x03059491 esp=0x035D6B34
[repiu-live-debug] retire guard reset #10 page=0x030FE000 guards=1 entries=19
[repiu-live-debug] glide gate entry #12 ordinal=98 name=_GRDEPTHMASK@4 ret=0x0305949C esp=0x035D6B34
[repiu-live-debug] retire guard reset #11 page=0x030FE000 guards=1 entries=3
[repiu-live-debug] glide gate entry #13 ordinal=97 name=_GRDEPTHBUFFERMODE@4 ret=0x030594A3 esp=0x035D6B34
[repiu-live-debug] retire guard reset #12 page=0x030FE000 guards=1 entries=4
[repiu-live-debug] glide gate entry #14 ordinal=114 name=_GRLFBWRITECOLORFORMAT@4 ret=0x030594AA esp=0x035D6B34
[repiu-live-debug] retire guard reset #13 page=0x030FE000 guards=1 entries=14
[repiu-live-debug] glide gate entry #15 ordinal=80 name=_GRALPHACOMBINE@20 ret=0x0304F281 esp=0x035D6ADC
[repiu-live-debug] retire guard reset #14 page=0x030FE000 guards=1 entries=3
[repiu-live-debug] glide gate entry #16 ordinal=90 name=_GRCOLORCOMBINE@20 ret=0x0304F28F esp=0x035D6ADC
[repiu-live-debug] retire guard reset #15 page=0x030FE000 guards=1 entries=3
[repiu-live-debug] glide gate entry #17 ordinal=79 name=_GRALPHABLENDFUNCTION@16 ret=0x0304F4AD esp=0x035D6AF4
[repiu-live-debug] retire guard reset #16 page=0x030FE000 guards=1 entries=11
[repiu-live-debug] glide gate entry #18 ordinal=82 name=_GRALPHATESTFUNCTION@4 ret=0x0304F536 esp=0x035D6B00
[repiu-live-debug] glide gate entry #19 ordinal=96 name=_GRDEPTHBUFFERFUNCTION@4 ret=0x0304F5B9 esp=0x035D6B00
[repiu-live-debug] glide gate entry #20 ordinal=98 name=_GRDEPTHMASK@4 ret=0x0304F5C0 esp=0x035D6B00
[repiu-live-debug] glide gate entry #21 ordinal=101 name=_GRFOGMODE@4 ret=0x0304F73F esp=0x035D6AE4
[repiu-live-debug] glide gate entry #22 ordinal=89 name=_GRCLIPWINDOW@16 ret=0x0304F7AF esp=0x035D6AE8
[repiu-live-debug] glide gate entry #23 ordinal=91 name=_GRCOLORMASK@8 ret=0x0304F80F esp=0x035D6B0C
[repiu-live-debug] glide gate entry #24 ordinal=94 name=_GRCULLMODE@4 ret=0x0304DB70 esp=0x035D6B10
[repiu-live-debug] glide gate entry #25 ordinal=101 name=_GRFOGMODE@4 ret=0x0304F73F esp=0x035D6AF0
[repiu-live-debug] glide gate entry #26 ordinal=30 name=_GRGLIDEGETSTATE@4 ret=0x0305952A esp=0x035D6B34
[repiu-live-debug] glide gate entry #27 ordinal=38 name=_GRSSTSELECT@4 ret=0x030597CA esp=0x035D6B48
[repiu-live-debug] glide gate entry #28 ordinal=105 name=_GRGLIDESETSTATE@4 ret=0x030597D6 esp=0x035D6B48
[repiu-live-debug] glide gate entry #29 ordinal=100 name=_GRDITHERMODE@4 ret=0x03058200 esp=0x035D6B1C
[repiu-live-debug] glide gate entry #30 ordinal=80 name=_GRALPHACOMBINE@20 ret=0x0304F281 esp=0x035D6AD4
[repiu-live-debug] glide gate entry #31 ordinal=90 name=_GRCOLORCOMBINE@20 ret=0x0304F28F esp=0x035D6AD4
[repiu-live-debug] glide gate entry #32 ordinal=79 name=_GRALPHABLENDFUNCTION@16 ret=0x0304F4AD esp=0x035D6AEC
[repiu-live-debug] glide gate entry #33 ordinal=82 name=_GRALPHATESTFUNCTION@4 ret=0x0304F536 esp=0x035D6AF8
[repiu-live-debug] glide gate entry #34 ordinal=96 name=_GRDEPTHBUFFERFUNCTION@4 ret=0x0304F5B9 esp=0x035D6AF8
[repiu-live-debug] glide gate entry #35 ordinal=98 name=_GRDEPTHMASK@4 ret=0x0304F5C0 esp=0x035D6AF8
[repiu-live-debug] glide gate entry #36 ordinal=101 name=_GRFOGMODE@4 ret=0x0304F73F esp=0x035D6ADC
[repiu-live-debug] glide gate entry #37 ordinal=89 name=_GRCLIPWINDOW@16 ret=0x0304F7AF esp=0x035D6AE0
[repiu-live-debug] glide gate entry #38 ordinal=91 name=_GRCOLORMASK@8 ret=0x0304F80F esp=0x035D6B04
[repiu-live-debug] glide gate entry #39 ordinal=94 name=_GRCULLMODE@4 ret=0x0304DB70 esp=0x035D6B08
[repiu-live-debug] glide gate entry #40 ordinal=80 name=_GRALPHACOMBINE@20 ret=0x0304F281 esp=0x035D6AF0
[repiu-live-debug] glide gate entry #41 ordinal=90 name=_GRCOLORCOMBINE@20 ret=0x0304F28F esp=0x035D6AF0
[repiu-live-debug] glide gate entry #42 ordinal=79 name=_GRALPHABLENDFUNCTION@16 ret=0x0304F4AD esp=0x035D6B08
[repiu-live-debug] glide gate entry #43 ordinal=82 name=_GRALPHATESTFUNCTION@4 ret=0x0304F536 esp=0x035D6B14
[repiu-live-debug] glide gate entry #44 ordinal=96 name=_GRDEPTHBUFFERFUNCTION@4 ret=0x0304F5B9 esp=0x035D6B14
[repiu-live-debug] glide gate entry #45 ordinal=98 name=_GRDEPTHMASK@4 ret=0x0304F5C0 esp=0x035D6B14
[repiu-live-debug] glide gate entry #46 ordinal=101 name=_GRFOGMODE@4 ret=0x0304F73F esp=0x035D6AF8
[repiu-live-debug] glide gate entry #47 ordinal=89 name=_GRCLIPWINDOW@16 ret=0x0304F7AF esp=0x035D6AFC
[repiu-live-debug] glide gate entry #48 ordinal=91 name=_GRCOLORMASK@8 ret=0x0304F80F esp=0x035D6B20
[repiu-live-debug] glide gate entry #49 ordinal=94 name=_GRCULLMODE@4 ret=0x0304DB70 esp=0x035D6B24
[repiu-live] elapsed_ms=1000 poll=380 phase=3 heartbeat=39038 dispatch_entry=19519 dispatch_exit=19519 last_eip=0x030F7AEA progress=7315 single_step=10542 aot=10669/11710 fast=0/0/0 routea=321/30 region=0/0/0/0/0 span=25/25/0/75/61 span_cache=0/0 span_reject_cache=54/32/0/7/0 span_write=0/0/0 span_cancel_last=0x00000000/0x00000000 span_jump=0/0 retired_span=0/0 selguard=95526/218785/0/3/0 posthle=0/0 prov=10561/30/53/0/36/0/25/0 reject=0x00000000:0x00000000/0x00 bytes=0000000000000000
[repiu-live] elapsed_ms=2000 poll=863 phase=3 heartbeat=92460 dispatch_entry=46230 dispatch_exit=46230 last_eip=0x030F536A progress=7315 single_step=37253 aot=37394/39351 fast=0/0/0 routea=9035/8506 region=0/0/0/0/0 span=25/25/0/75/8537 span_cache=0/0 span_reject_cache=8522/40/0/15/0 span_write=0/0/0 span_cancel_last=0x00000000/0x00000000 span_jump=0/0 retired_span=0/0 selguard=95526/218785/0/8346/0 posthle=0/0 prov=28861/8441/67/0/36/0/25/0 reject=0x00000000:0x00000000/0x00 bytes=0000000000000000
[repiu-live-debug] icache patch #4096 miss=0x0C3E4B72 guest=0x0303C4B5 cache=0x0C3E5EAC site_guest=0x0303A15B entries=4 chosen=2 guard=0x0F
[repiu-pit] channel=0 divisor=4972 frequency=240.000000Hz generation=2
[repiu-live] DOS INT 21h AH=25h vector 0x08 set to 0023:03042EAE
[repiu-live-debug] glide gate entry #50 ordinal=100 name=_GRDITHERMODE@4 ret=0x03058200 esp=0x035D6DA8
[repiu-input] polling started port=0x02A8 value=0xFF
[repiu-input] polling started port=0x02A9 value=0xFF
[repiu-input] polling started port=0x02AA value=0xFF
[repiu-live-debug] glide gate entry #51 ordinal=46 name=_GRTEXTEXTUREMEMREQUIRED@8 ret=0x0304DF8F esp=0x035D6D28
[repiu-live-debug] glide gate entry #52 ordinal=49 name=_GRTEXDOWNLOADMIPMAPLEVEL@32 ret=0x0304E016 esp=0x035D6D10
[repiu-live-debug] glide gate entry #53 ordinal=131 name=_GRTEXCLAMPMODE@12 ret=0x0304EAC8 esp=0x035D6D48
[repiu-live-debug] glide gate entry #54 ordinal=134 name=_GRTEXFILTERMODE@12 ret=0x0304EADF esp=0x035D6D48
[repiu-live-debug] glide gate entry #55 ordinal=136 name=_GRTEXMIPMAPMODE@12 ret=0x0304EAF6 esp=0x035D6D48
[repiu-live-debug] glide gate entry #56 ordinal=138 name=_GRTEXSOURCE@16 ret=0x0304EB13 esp=0x035D6D44
[repiu-live-debug] glide gate entry #57 ordinal=132 name=_GRTEXCOMBINE@28 ret=0x0304EB69 esp=0x035D6D44
[repiu-live-debug] glide gate entry #58 ordinal=31 name=_GRHINTS@8 ret=0x0304EC2F esp=0x035D6D64
[repiu-live-debug] glide gate entry #59 ordinal=80 name=_GRALPHACOMBINE@20 ret=0x0304ECBB esp=0x035D6D58
[repiu-live-debug] glide gate entry #60 ordinal=90 name=_GRCOLORCOMBINE@20 ret=0x0304ED2D esp=0x035D6D58
[repiu-live-debug] glide gate entry #61 ordinal=79 name=_GRALPHABLENDFUNCTION@16 ret=0x0304F4AD esp=0x035D6D78
[repiu-live-debug] glide gate entry #62 ordinal=82 name=_GRALPHATESTFUNCTION@4 ret=0x0304F536 esp=0x035D6D84
[repiu-live-debug] glide gate entry #63 ordinal=96 name=_GRDEPTHBUFFERFUNCTION@4 ret=0x0304F5B9 esp=0x035D6D84
[repiu-live-debug] glide gate entry #64 ordinal=98 name=_GRDEPTHMASK@4 ret=0x0304F5C0 esp=0x035D6D84
[repiu-live-debug] glide gate entry #65 ordinal=101 name=_GRFOGMODE@4 ret=0x0304F73F esp=0x035D6D68
[repiu-live-debug] glide gate entry #66 ordinal=89 name=_GRCLIPWINDOW@16 ret=0x0304F7AF esp=0x035D6D6C
[repiu-live-debug] glide gate entry #67 ordinal=91 name=_GRCOLORMASK@8 ret=0x0304F80F esp=0x035D6D90
[repiu-live-debug] glide gate entry #68 ordinal=94 name=_GRCULLMODE@4 ret=0x0304DB70 esp=0x035D6D94
[repiu-live-debug] glide gate entry #69 ordinal=98 name=_GRDEPTHMASK@4 ret=0x030582DB esp=0x035D6DAC
[repiu-live-debug] glide gate entry #70 ordinal=91 name=_GRCOLORMASK@8 ret=0x030582E4 esp=0x035D6DA8
[repiu-live-debug] glide gate entry #71 ordinal=84 name=_GRBUFFERCLEAR@12 ret=0x0305835F esp=0x035D6DA4
[repiu-live-debug] glide gate entry #72 ordinal=91 name=_GRCOLORMASK@8 ret=0x03058384 esp=0x035D6DA8
[repiu-live-debug] glide gate entry #73 ordinal=101 name=_GRFOGMODE@4 ret=0x0304F73F esp=0x035D6CC0
[repiu-live-debug] glide gate entry #74 ordinal=101 name=_GRFOGMODE@4 ret=0x0304F73F esp=0x035D6CBC
[repiu-live-debug] glide gate entry #75 ordinal=100 name=_GRDITHERMODE@4 ret=0x03058200 esp=0x035D6DA8
[repiu-live-debug] glide gate entry #76 ordinal=46 name=_GRTEXTEXTUREMEMREQUIRED@8 ret=0x0304DF8F esp=0x035D6D28
[repiu-live-debug] glide gate entry #77 ordinal=49 name=_GRTEXDOWNLOADMIPMAPLEVEL@32 ret=0x0304E016 esp=0x035D6D10
[repiu-live-debug] glide gate entry #78 ordinal=131 name=_GRTEXCLAMPMODE@12 ret=0x0304EAC8 esp=0x035D6D48
[repiu-live-debug] glide gate entry #79 ordinal=134 name=_GRTEXFILTERMODE@12 ret=0x0304EADF esp=0x035D6D48
[repiu-live-debug] glide gate entry #80 ordinal=136 name=_GRTEXMIPMAPMODE@12 ret=0x0304EAF6 esp=0x035D6D48
[repiu-live-debug] glide gate entry #81 ordinal=138 name=_GRTEXSOURCE@16 ret=0x0304EB13 esp=0x035D6D44
[repiu-live-debug] glide gate entry #82 ordinal=31 name=_GRHINTS@8 ret=0x0304EC2F esp=0x035D6D64
[repiu-live-debug] glide gate entry #83 ordinal=80 name=_GRALPHACOMBINE@20 ret=0x0304ECBB esp=0x035D6D58
[repiu-live-debug] glide gate entry #84 ordinal=90 name=_GRCOLORCOMBINE@20 ret=0x0304ED2D esp=0x035D6D58
[repiu-live-debug] glide gate entry #85 ordinal=79 name=_GRALPHABLENDFUNCTION@16 ret=0x0304F49C esp=0x035D6D78
[repiu-live-debug] glide gate entry #86 ordinal=82 name=_GRALPHATESTFUNCTION@4 ret=0x0304F536 esp=0x035D6D84
[repiu-live-debug] glide gate entry #87 ordinal=96 name=_GRDEPTHBUFFERFUNCTION@4 ret=0x0304F5B9 esp=0x035D6D84
[repiu-live-debug] glide gate entry #88 ordinal=98 name=_GRDEPTHMASK@4 ret=0x0304F5C0 esp=0x035D6D84
[repiu-live-debug] glide gate entry #89 ordinal=101 name=_GRFOGMODE@4 ret=0x0304F73F esp=0x035D6D68
[repiu-live-debug] glide gate entry #90 ordinal=89 name=_GRCLIPWINDOW@16 ret=0x0304F7AF esp=0x035D6D6C
[repiu-live-debug] glide gate entry #91 ordinal=91 name=_GRCOLORMASK@8 ret=0x0304F80F esp=0x035D6D90
[repiu-live-debug] glide gate entry #92 ordinal=94 name=_GRCULLMODE@4 ret=0x0304DB70 esp=0x035D6D94
[repiu-live-debug] glide gate entry #93 ordinal=98 name=_GRDEPTHMASK@4 ret=0x030582DB esp=0x035D6DAC
[repiu-live-debug] glide gate entry #94 ordinal=91 name=_GRCOLORMASK@8 ret=0x030582E4 esp=0x035D6DA8
[repiu-live-debug] glide gate entry #95 ordinal=84 name=_GRBUFFERCLEAR@12 ret=0x0305835F esp=0x035D6DA4
[repiu-live-debug] glide gate entry #96 ordinal=91 name=_GRCOLORMASK@8 ret=0x03058384 esp=0x035D6DA8
[repiu-live] Glide first triangle vertices: 0383C640/1 0383C67C/1 0383C6F4/1
[repiu-live] Glide first triangle vertex 0 dwords: 42A00000 43BDF800 A1A10000 50500100 08FF20FF 01010000 0101A1A1 A1A15251 3F800000 00000000 00000000 5E5EA3A2 08FF20FF 02020202 ECECB4B4 43A7F800 43BDF800 03030202
[repiu-live] Glide first triangle vertex 1 dwords: 43A7F800 43BDF800 03030202 4C4CECEC 03039A99 08FF20FF 03030303 F3F34C4C 3F800000 43800000 00000000 2020F3F3 7A7A9392 08FF20FF 05050404 43A7F800 42F80000 08FF20FF
[repiu-live] Glide first triangle vertex 2 dwords: 42A00000 42F80000 8D8D7271 08FF20FF 0C0C0B0B ADADA0A0 3F3F8F8E 08FF20FF 3F800000 00000000 43800000 08FF20FF 10100E0E 4E4E3333 5353D7D6 08FF20FF 13131010 03034E4E
[repiu-live] elapsed_ms=3000 poll=4685 phase=2 heartbeat=127263 dispatch_entry=63632 dispatch_exit=63631 last_eip=0x0B5D0510 progress=7315 single_step=46382 aot=54093/61224 fast=0/0/0 routea=15456/8565 region=0/0/0/0/0 span=147/29/118/87/8596 span_cache=0/0 span_reject_cache=8581/162/0/15/0 span_write=0/0/0 span_cancel_last=0x80000004/0x0304EAE5 span_jump=0/0 retired_span=0/0 selguard=95526/223161/0/8367/0 posthle=0/0 prov=45327/8490/118/0/344/0/158/0 reject=0x00000000:0x00000000/0x00 bytes=0000000000000000
[repiu-live-debug] icache patch #8192 miss=0x0C3ACC18 guest=0x0301A877 cache=0x0C3AD3E2 site_guest=0x030D8B3C entries=4 chosen=1 guard=0x0F
[repiu-live] elapsed_ms=4016 poll=12555 phase=2 heartbeat=163787 dispatch_entry=81894 dispatch_exit=81893 last_eip=0x0B5D04A8 progress=7315 single_step=47294 aot=71671/83888 fast=0/0/0 routea=16140/8565 region=0/0/0/0/0 span=375/29/346/87/8596 span_cache=0/0 span_reject_cache=8581/390/0/15/0 span_write=0/0/0 span_cancel_last=0x80000004/0x0304EACE span_jump=0/0 retired_span=0/0 selguard=95526/223161/0/8367/0 posthle=0/0 prov=62677/8490/118/0/800/0/386/0 reject=0x00000000:0x00000000/0x00 bytes=0000000000000000
[repiu-input] SERVICE        PRESSED  port=0x02A9 value=0xBF
[repiu-ymz] keyon voice=0 mode=ADPCM start=0x000000 stop=0x00A150 rate=44100Hz level=255 pan=8 loop=no
[repiu-input] SERVICE        released port=0x02A9 value=0xFF
[repiu-live-debug] icache patch #12288 miss=0x0C3B40F8 guest=0x03019CEF cache=0x0C3B3905 site_guest=0x030F4ADA entries=4 chosen=0 guard=0x0F
[repiu-input] SERVICE        PRESSED  port=0x02A9 value=0xBF
[repiu-ymz] keyon voice=0 mode=ADPCM start=0x000000 stop=0x00A150 rate=44100Hz level=255 pan=8 loop=no
[repiu-input] SERVICE        released port=0x02A9 value=0xFF
[repiu-input] SERVICE        PRESSED  port=0x02A9 value=0xBF
[repiu-ymz] keyon voice=0 mode=ADPCM start=0x000000 stop=0x00A150 rate=44100Hz level=255 pan=8 loop=no
[repiu-input] SERVICE        released port=0x02A9 value=0xFF
[repiu-live-debug] icache patch #16384 miss=0x0C5EE652 guest=0x030D0D1B cache=0x0C58B506 site_guest=0x030CF3BC entries=4 chosen=3 guard=0x0F
[repiu-input] SERVICE        PRESSED  port=0x02A9 value=0xBF
[repiu-ymz] keyon voice=0 mode=ADPCM start=0x000000 stop=0x00A150 rate=44100Hz level=255 pan=8 loop=no
[repiu-input] SERVICE        released port=0x02A9 value=0xFF
[repiu-live] elapsed_ms=5016 poll=17037 phase=2 heartbeat=188183 dispatch_entry=94092 dispatch_exit=94091 last_eip=0x0B5D04E0 progress=7325 single_step=50634 aot=82901/101171 fast=0/0/0 routea=17733/9355 region=0/0/0/0/0 span=559/29/530/87/9387 span_cache=0/0 span_reject_cache=9372/574/0/15/0 span_write=0/0/0 span_cancel_last=0x80000004/0x0304C96C span_jump=0/0 retired_span=0/0 selguard=95526/226753/0/9012/0 posthle=0/0 prov=73048/9139/144/0/1215/0/570/0 reject=0x00000000:0x00000000/0x00 bytes=0000000000000000
[repiu-input] SERVICE        PRESSED  port=0x02A9 value=0xBF
[repiu-ymz] keyon voice=0 mode=ADPCM start=0x147CF1 stop=0x14A344 rate=44100Hz level=255 pan=8 loop=no
[repiu-input] SERVICE        released port=0x02A9 value=0xFF
[repiu-input] P1-Center      PRESSED  port=0x02A8 value=0xFB
[repiu-ymz] keyon voice=1 mode=ADPCM start=0x05489A stop=0x055949 rate=44100Hz level=255 pan=8 loop=no
[repiu-live-debug] icache patch #20480 miss=0x0C3BE04A guest=0x030196B4 cache=0x0C3BCD0C site_guest=0x030F4B47 entries=4 chosen=1 guard=0x0F
[repiu-input] P1-Center      released port=0x02A8 value=0xFF
[repiu-live] elapsed_ms=6016 poll=21879 phase=3 heartbeat=212498 dispatch_entry=106249 dispatch_exit=106249 last_eip=0x0B5D0448 progress=7367 single_step=53395 aot=94104/118672 fast=0/0/0 routea=19029/9950 region=0/0/0/0/0 span=736/29/707/87/9989 span_cache=0/0 span_reject_cache=9974/751/0/15/0 span_write=0/0/0 span_cancel_last=0x80000004/0x0304C96C span_jump=0/0 retired_span=0/0 selguard=95526/248929/0/9497/0 posthle=0/0 prov=83568/9628/161/0/1610/0/747/0 reject=0x00000000:0x00000000/0x00 bytes=0000000000000000
[repiu-live-debug] icache patch #24576 miss=0x0C5971BF guest=0x030F23CC cache=0x0C3C6112 site_guest=0x030D8BB2 entries=4 chosen=2 guard=0x0F
[repiu-input] P1-Center      PRESSED  port=0x02A8 value=0xFB
[repiu-ymz] keyon voice=1 mode=ADPCM start=0x05489A stop=0x055949 rate=44100Hz level=255 pan=8 loop=no
[repiu-input] P1-Center      released port=0x02A8 value=0xFF
[repiu-live] elapsed_ms=7016 poll=30489 phase=2 heartbeat=245953 dispatch_entry=122977 dispatch_exit=122976 last_eip=0x0B5D0480 progress=7367 single_step=55257 aot=110092/140283 fast=0/0/0 routea=20146/10334 region=0/0/0/0/0 span=969/29/940/87/10373 span_cache=0/0 span_reject_cache=10358/984/0/15/0 span_write=0/0/0 span_cancel_last=0x80000004/0x03058201 span_jump=0/0 retired_span=0/0 selguard=95526/248929/0/9817/0 posthle=0/0 prov=99002/9948/162/0/2076/0/980/0 reject=0x00000000:0x00000000/0x00 bytes=0000000000000000
[repiu-live-debug] icache patch #28672 miss=0x0C5971BF guest=0x030F2778 cache=0x0C3AC5F2 site_guest=0x030D8BB2 entries=4 chosen=2 guard=0x0F
[repiu-ymz] keyon voice=5 mode=ADPCM start=0x03F392 stop=0x04207A rate=44100Hz level=255 pan=8 loop=no
[repiu-ymz] keyon voice=5 mode=ADPCM start=0x03F392 stop=0x04207A rate=44100Hz level=255 pan=8 loop=no
[repiu-live-debug] icache patch #32768 miss=0x0C57FA32 guest=0x030F2785 cache=0x0C3AC604 site_guest=0x030D7CF8 entries=4 chosen=3 guard=0x0F
[repiu-live] elapsed_ms=8016 poll=35549 phase=2 heartbeat=269447 dispatch_entry=134724 dispatch_exit=134723 last_eip=0x0B5D0448 progress=7413 single_step=57485 aot=120847/156047 fast=0/0/0 routea=21154/10682 region=0/0/0/0/0 span=1130/29/1101/87/10728 span_cache=0/0 span_reject_cache=10713/1145/0/15/0 span_write=0/0/0 span_cancel_last=0x80000004/0x0304C96C span_jump=0/0 retired_span=0/0 selguard=95526/275347/0/10092/0 posthle=0/0 prov=109296/10227/183/0/2399/0/1141/0 reject=0x00000000:0x00000000/0x00 bytes=0000000000000000
[repiu-input] P1-DownRight   PRESSED  port=0x02A8 value=0xEF
[repiu-ymz] keyon voice=2 mode=ADPCM start=0x02B45F stop=0x02EC98 rate=44100Hz level=255 pan=8 loop=no
[repiu-live-debug] icache patch #36864 miss=0x0C57FA32 guest=0x030F2372 cache=0x0C3C609F site_guest=0x030D7CF8 entries=4 chosen=0 guard=0x0F
[repiu-input] P1-DownRight   released port=0x02A8 value=0xFF
[repiu-ymz] keyon voice=5 mode=ADPCM start=0x03F392 stop=0x04207A rate=44100Hz level=255 pan=8 loop=no
[repiu-live] elapsed_ms=9016 poll=41898 phase=2 heartbeat=299945 dispatch_entry=149973 dispatch_exit=149972 last_eip=0x0B5D04E0 progress=7413 single_step=60004 aot=135379/177135 fast=0/0/0 routea=22573/11330 region=0/0/0/0/0 span=1364/29/1335/87/11376 span_cache=0/0 span_reject_cache=11361/1379/0/15/0 span_write=0/0/0 span_cancel_last=0x80000004/0x0304EACE span_jump=0/0 retired_span=0/0 selguard=95526/275347/0/10632/0 posthle=0/0 prov=123039/10767/198/0/2867/0/1375/0 reject=0x00000000:0x00000000/0x00 bytes=0000000000000000
[repiu-input] P1-DownRight   PRESSED  port=0x02A8 value=0xEF
[repiu-ymz] keyon voice=2 mode=ADPCM start=0x02B45F stop=0x02EC98 rate=44100Hz level=255 pan=8 loop=no
[repiu-ymz] keyon voice=3 mode=ADPCM start=0x02EC99 stop=0x034C03 rate=44100Hz level=255 pan=8 loop=no
[repiu-input] P1-DownRight   released port=0x02A8 value=0xFF
[repiu-live-debug] icache patch #40960 miss=0x0C64D8BE guest=0x0302EFC0 cache=0x0C64D6EA site_guest=0x0301B307 entries=4 chosen=0 guard=0x0F
[repiu-live] elapsed_ms=10016 poll=45990 phase=2 heartbeat=318315 dispatch_entry=159158 dispatch_exit=159157 last_eip=0x0B5D0618 progress=7413 single_step=60840 aot=143532/189469 fast=0/0/0 routea=23145/11426 region=0/0/0/0/0 span=1500/29/1471/87/11472 span_cache=0/0 span_reject_cache=11457/1515/0/15/0 span_write=0/0/0 span_cancel_last=0x80000004/0x0304C96C span_jump=0/0 retired_span=0/0 selguard=95526/275347/0/10712/0 posthle=0/0 prov=130976/10847/198/0/3141/0/1511/0 reject=0x00000000:0x00000000/0x00 bytes=0000000000000000
[repiu-live-debug] icache patch #45056 miss=0x0C3BE04A guest=0x0301974D cache=0x0C3BCDC3 site_guest=0x030F4B47 entries=4 chosen=0 guard=0x0F
[repiu-ymz] keyon voice=5 mode=ADPCM start=0x03F392 stop=0x04207A rate=44100Hz level=255 pan=8 loop=no
[repiu-ymz] keyon voice=5 mode=ADPCM start=0x03F392 stop=0x04207A rate=44100Hz level=255 pan=8 loop=no
[repiu-live] elapsed_ms=11016 poll=49134 phase=2 heartbeat=336283 dispatch_entry=168142 dispatch_exit=168141 last_eip=0x0B5D04E0 progress=7449 single_step=62787 aot=151252/202096 fast=0/0/0 routea=23836/11491 region=0/0/0/0/0 span=1610/29/1581/87/11543 span_cache=0/0 span_reject_cache=11528/1625/0/15/0 span_write=0/0/0 span_cancel_last=0x80000004/0x0304EACE span_jump=0/0 retired_span=0/0 selguard=95526/298303/0/10742/0 posthle=0/0 prov=138546/10885/200/0/3361/0/1621/0 reject=0x00000000:0x00000000/0x00 bytes=0000000000000000
[repiu-live-debug] icache patch #49152 miss=0x0C3ACC18 guest=0x0301A886 cache=0x0C3AD3F6 site_guest=0x030D8B3C entries=4 chosen=0 guard=0x0F
[repiu-ymz] keyon voice=5 mode=ADPCM start=0x03F392 stop=0x04207A rate=44100Hz level=255 pan=8 loop=no
[repiu-live-debug] icache patch #53248 miss=0x0C3ACC18 guest=0x0301A8A0 cache=0x0C3AD415 site_guest=0x030D8B3C entries=4 chosen=0 guard=0x0F
[repiu-live] elapsed_ms=12016 poll=55465 phase=2 heartbeat=365787 dispatch_entry=182894 dispatch_exit=182893 last_eip=0x0B5D0630 progress=7449 single_step=63985 aot=165266/222777 fast=0/0/0 routea=24668/11587 region=0/0/0/0/0 span=1844/29/1815/87/11639 span_cache=0/0 span_reject_cache=11624/1859/0/15/0 span_write=0/0/0 span_cancel_last=0x80000004/0x0304EACE span_jump=0/0 retired_span=0/0 selguard=95526/298303/0/10822/0 posthle=0/0 prov=152246/10965/200/0/3829/0/1855/0 reject=0x00000000:0x00000000/0x00 bytes=0000000000000000
[repiu-live-debug] icache patch #57344 miss=0x0C3ACC18 guest=0x0301A877 cache=0x0C3AD3E2 site_guest=0x030D8B3C entries=4 chosen=0 guard=0x0F
[repiu-ymz] keyon voice=5 mode=ADPCM start=0x03F392 stop=0x04207A rate=44100Hz level=255 pan=8 loop=no
[repiu-live] elapsed_ms=13016 poll=61862 phase=2 heartbeat=395469 dispatch_entry=197735 dispatch_exit=197734 last_eip=0x0B5D0618 progress=7449 single_step=65207 aot=179369/243641 fast=0/0/0 routea=25512/11695 region=0/0/0/0/0 span=2078/29/2049/87/11747 span_cache=0/0 span_reject_cache=11732/2093/0/15/0 span_write=0/0/0 span_cancel_last=0x80000004/0x0304EACE span_jump=0/0 retired_span=0/0 selguard=95526/298303/0/10912/0 posthle=0/0 prov=166025/11055/200/0/4297/0/2089/0 reject=0x00000000:0x00000000/0x00 bytes=0000000000000000
[repiu-live-debug] icache patch #61440 miss=0x0C3ACC18 guest=0x0301A8A0 cache=0x0C3AD415 site_guest=0x030D8B3C entries=4 chosen=2 guard=0x0F
[repiu-ymz] keyon voice=5 mode=ADPCM start=0x03F392 stop=0x04207A rate=44100Hz level=255 pan=8 loop=no
[repiu-live-debug] icache patch #65536 miss=0x0C3ACC18 guest=0x0301A8EC cache=0x0C3AD475 site_guest=0x030D8B3C entries=4 chosen=0 guard=0x0F
[repiu-live] elapsed_ms=14016 poll=68123 phase=2 heartbeat=424579 dispatch_entry=212290 dispatch_exit=212289 last_eip=0x0B5D04D0 progress=7449 single_step=66423 aot=193198/264082 fast=0/0/0 routea=26356/11797 region=0/0/0/0/0 span=2314/29/2285/87/11849 span_cache=0/0 span_reject_cache=11834/2329/0/15/0 span_write=0/0/0 span_cancel_last=0x80000004/0x03058201 span_jump=0/0 retired_span=0/0 selguard=95526/298303/0/10997/0 posthle=0/0 prov=179533/11140/200/0/4769/0/2325/0 reject=0x00000000:0x00000000/0x00 bytes=0000000000000000
[repiu-live-debug] icache patch #69632 miss=0x0C5971BF guest=0x030F23CC cache=0x0C3C6112 site_guest=0x030D8BB2 entries=4 chosen=2 guard=0x0F
[repiu-ymz] keyon voice=5 mode=ADPCM start=0x03F392 stop=0x04207A rate=44100Hz level=255 pan=8 loop=no
[repiu-live] elapsed_ms=15016 poll=74569 phase=3 heartbeat=454426 dispatch_entry=227213 dispatch_exit=227213 last_eip=0x0B5D0618 progress=7449 single_step=67639 aot=207389/285029 fast=0/0/0 routea=27200/11899 region=0/0/0/0/0 span=2550/29/2521/87/11951 span_cache=0/0 span_reject_cache=11936/2565/0/15/0 span_write=0/0/0 span_cancel_last=0x80000004/0x0304EACE span_jump=0/0 retired_span=0/0 selguard=95526/298303/0/11082/0 posthle=0/0 prov=193403/11225/200/0/5241/0/2561/0 reject=0x00000000:0x00000000/0x00 bytes=0000000000000000
[repiu-live-debug] icache patch #73728 miss=0x0C5971BF guest=0x030F2758 cache=0x0C3AC5C8 site_guest=0x030D8BB2 entries=4 chosen=1 guard=0x0F
[repiu-ymz] keyon voice=5 mode=ADPCM start=0x03F392 stop=0x04207A rate=44100Hz level=255 pan=8 loop=no
[repiu-live-debug] icache patch #77824 miss=0x0C3ACC18 guest=0x0301A8DE cache=0x0C3AD462 site_guest=0x030D8B3C entries=4 chosen=0 guard=0x0F
[repiu-live] elapsed_ms=16016 poll=80991 phase=2 heartbeat=484187 dispatch_entry=242094 dispatch_exit=242093 last_eip=0x0B5D0618 progress=7449 single_step=68855 aot=221538/305974 fast=0/0/0 routea=28044/12001 region=0/0/0/0/0 span=2786/29/2757/87/12053 span_cache=0/0 span_reject_cache=12038/2801/0/15/0 span_write=0/0/0 span_cancel_last=0x80000004/0x0304C96C span_jump=0/0 retired_span=0/0 selguard=95526/298303/0/11167/0 posthle=0/0 prov=207231/11310/200/0/5713/0/2797/0 reject=0x00000000:0x00000000/0x00 bytes=0000000000000000
[repiu-live-debug] icache patch #81920 miss=0x0C3ACC18 guest=0x0301A877 cache=0x0C3AD3E2 site_guest=0x030D8B3C entries=4 chosen=1 guard=0x0F
[repiu-ymz] keyon voice=5 mode=ADPCM start=0x03F392 stop=0x04207A rate=44100Hz level=255 pan=8 loop=no
[repiu-live] elapsed_ms=17016 poll=87424 phase=2 heartbeat=514021 dispatch_entry=257011 dispatch_exit=257010 last_eip=0x0B5D0618 progress=7449 single_step=70071 aot=235723/326903 fast=0/0/0 routea=28888/12103 region=0/0/0/0/0 span=3022/29/2993/87/12155 span_cache=0/0 span_reject_cache=12140/3037/0/15/0 span_write=0/0/0 span_cancel_last=0x80000004/0x0304EB14 span_jump=0/0 retired_span=0/0 selguard=95526/298303/0/11252/0 posthle=0/0 prov=221095/11395/200/0/6185/0/3033/0 reject=0x00000000:0x00000000/0x00 bytes=0000000000000000
[repiu-live-debug] icache patch #86016 miss=0x0C3A080A guest=0x030F2054 cache=0x0C3C6658 site_guest=0x030F5691 entries=4 chosen=1 guard=0x0F
[repiu-ymz] keyon voice=5 mode=ADPCM start=0x03F392 stop=0x04207A rate=44100Hz level=255 pan=8 loop=no
[repiu-live-debug] icache patch #90112 miss=0x0C3A080A guest=0x030F2160 cache=0x0C3C61D5 site_guest=0x030F5691 entries=4 chosen=3 guard=0x0F
[repiu-live] elapsed_ms=18016 poll=93848 phase=2 heartbeat=543851 dispatch_entry=271926 dispatch_exit=271925 last_eip=0x0B5D0618 progress=7449 single_step=71301 aot=249906/347875 fast=0/0/0 routea=29738/12211 region=0/0/0/0/0 span=3258/29/3229/87/12263 span_cache=0/0 span_reject_cache=12248/3273/0/15/0 span_write=0/0/0 span_cancel_last=0x80000004/0x0304BA0B span_jump=0/0 retired_span=0/0 selguard=95526/298303/0/11342/0 posthle=0/0 prov=234952/11485/200/0/6657/0/3269/0 reject=0x00000000:0x00000000/0x00 bytes=0000000000000000
[repiu-live-debug] icache patch #94208 miss=0x0C5971BF guest=0x030F2778 cache=0x0C3AC5F2 site_guest=0x030D8BB2 entries=4 chosen=2 guard=0x0F
[repiu-ymz] keyon voice=5 mode=ADPCM start=0x03F392 stop=0x04207A rate=44100Hz level=255 pan=8 loop=no
[repiu-live] elapsed_ms=19016 poll=100222 phase=2 heartbeat=573583 dispatch_entry=286792 dispatch_exit=286791 last_eip=0x0B5D0618 progress=7449 single_step=72529 aot=264050/368739 fast=0/0/0 routea=30591/12313 region=0/0/0/0/0 span=3497/29/3468/87/12365 span_cache=0/0 span_reject_cache=12350/3512/0/15/0 span_write=0/0/0 span_cancel_last=0x80000004/0x0304BA0B span_jump=0/0 retired_span=0/0 selguard=95526/298303/0/11427/0 posthle=0/0 prov=248771/11570/201/0/7135/0/3508/0 reject=0x00000000:0x00000000/0x00 bytes=0000000000000000
[repiu-live-debug] icache patch #98304 miss=0x0C3ACC18 guest=0x0301A8A0 cache=0x0C3AD415 site_guest=0x030D8B3C entries=4 chosen=3 guard=0x0F
[repiu-ymz] keyon voice=5 mode=ADPCM start=0x03F392 stop=0x04207A rate=44100Hz level=255 pan=8 loop=no
[repiu-live-debug] icache patch #102400 miss=0x0C3A080A guest=0x030F2152 cache=0x0C3C646D site_guest=0x030F5691 entries=4 chosen=1 guard=0x0F
[repiu-live] elapsed_ms=20016 poll=106602 phase=2 heartbeat=603351 dispatch_entry=301676 dispatch_exit=301675 last_eip=0x0B5D0618 progress=7449 single_step=73741 aot=278205/389630 fast=0/0/0 routea=31432/12415 region=0/0/0/0/0 span=3732/29/3703/87/12467 span_cache=0/0 span_reject_cache=12452/3747/0/15/0 span_write=0/0/0 span_cancel_last=0x80000004/0x0304EACE span_jump=0/0 retired_span=0/0 selguard=95526/298303/0/11512/0 posthle=0/0 prov=262606/11655/201/0/7605/0/3743/0 reject=0x00000000:0x00000000/0x00 bytes=0000000000000000
[repiu-live-debug] icache patch #106496 miss=0x0C3ACC18 guest=0x0301A877 cache=0x0C3AD3E2 site_guest=0x030D8B3C entries=4 chosen=2 guard=0x0F
[repiu-ymz] keyon voice=5 mode=ADPCM start=0x03F392 stop=0x04207A rate=44100Hz level=255 pan=8 loop=no
[repiu-live] elapsed_ms=21016 poll=113001 phase=2 heartbeat=633123 dispatch_entry=316562 dispatch_exit=316561 last_eip=0x0B5D04E0 progress=7449 single_step=74975 aot=292356/410544 fast=0/0/0 routea=32285/12523 region=0/0/0/0/0 span=3969/29/3940/87/12575 span_cache=0/0 span_reject_cache=12560/3984/0/15/0 span_write=0/0/0 span_cancel_last=0x80000004/0x0304F5C1 span_jump=0/0 retired_span=0/0 selguard=95526/298303/0/11602/0 posthle=0/0 prov=276430/11745/201/0/8079/0/3980/0 reject=0x00000000:0x00000000/0x00 bytes=0000000000000000
[repiu-live-debug] icache patch #110592 miss=0x0C3C795B guest=0x0302F82B cache=0x0C6526D3 site_guest=0x0301B2A8 entries=4 chosen=2 guard=0x0F
[repiu-live-debug] icache patch #114688 miss=0x0C3C50EC guest=0x03040347 cache=0x0C3C7D45 site_guest=0x0303F180 entries=4 chosen=2 guard=0x0F
[repiu-ymz] keyon voice=5 mode=ADPCM start=0x03F392 stop=0x04207A rate=44100Hz level=255 pan=8 loop=no
[repiu-live] elapsed_ms=22016 poll=119368 phase=3 heartbeat=662746 dispatch_entry=331373 dispatch_exit=331373 last_eip=0x0B5D0448 progress=7449 single_step=76199 aot=306442/431346 fast=0/0/0 routea=33135/12625 region=0/0/0/0/0 span=4207/29/4178/87/12677 span_cache=0/0 span_reject_cache=12662/4222/0/15/0 span_write=0/0/0 span_cancel_last=0x80000004/0x0304BA0B span_jump=0/0 retired_span=0/0 selguard=95526/298303/0/11687/0 posthle=0/0 prov=290192/11830/202/0/8555/0/4218/0 reject=0x00000000:0x00000000/0x00 bytes=0000000000000000
[repiu-live-debug] icache patch #118784 miss=0x0C3ACC18 guest=0x0301A877 cache=0x0C3AD3E2 site_guest=0x030D8B3C entries=4 chosen=1 guard=0x0F
[repiu-ymz] keyon voice=5 mode=ADPCM start=0x03F392 stop=0x04207A rate=44100Hz level=255 pan=8 loop=no
[repiu-live] elapsed_ms=23016 poll=125719 phase=2 heartbeat=692173 dispatch_entry=346087 dispatch_exit=346086 last_eip=0x0B5D0618 progress=7449 single_step=77411 aot=320427/452057 fast=0/0/0 routea=33976/12727 region=0/0/0/0/0 span=4442/29/4413/87/12779 span_cache=0/0 span_reject_cache=12764/4457/0/15/0 span_write=0/0/0 span_cancel_last=0x80000004/0x0304C96C span_jump=0/0 retired_span=0/0 selguard=95526/298303/0/11772/0 posthle=0/0 prov=303857/11915/202/0/9025/0/4453/0 reject=0x00000000:0x00000000/0x00 bytes=0000000000000000
[repiu-live-debug] icache patch #122880 miss=0x0C64D8BE guest=0x0302F7EE cache=0x0C6523D5 site_guest=0x0301B307 entries=4 chosen=3 guard=0x0F
[repiu-live-debug] icache patch #126976 miss=0x0C3ACC18 guest=0x0301A8A0 cache=0x0C3AD415 site_guest=0x030D8B3C entries=4 chosen=2 guard=0x0F
[repiu-ymz] keyon voice=5 mode=ADPCM start=0x03F392 stop=0x04207A rate=44100Hz level=255 pan=8 loop=no
[repiu-live] elapsed_ms=24016 poll=132152 phase=2 heartbeat=722035 dispatch_entry=361018 dispatch_exit=361017 last_eip=0x0B5D0630 progress=7449 single_step=78631 aot=334623/472965 fast=0/0/0 routea=34823/12829 region=0/0/0/0/0 span=4679/29/4650/87/12881 span_cache=0/0 span_reject_cache=12866/4694/0/15/0 span_write=0/0/0 span_cancel_last=0x80000004/0x0304EACE span_jump=0/0 retired_span=0/0 selguard=95526/298303/0/11857/0 posthle=0/0 prov=317731/12000/202/0/9499/0/4690/0 reject=0x00000000:0x00000000/0x00 bytes=0000000000000000
[repiu-live-debug] icache patch #131072 miss=0x0C3ACC18 guest=0x0301A8A0 cache=0x0C3AD415 site_guest=0x030D8B3C entries=4 chosen=2 guard=0x0F
[repiu-ymz] keyon voice=5 mode=ADPCM start=0x03F392 stop=0x04207A rate=44100Hz level=255 pan=8 loop=no
[repiu-live-debug] icache patch #135168 miss=0x0C3ACC18 guest=0x0301A877 cache=0x0C3AD3E2 site_guest=0x030D8B3C entries=4 chosen=0 guard=0x0F
[repiu-live] elapsed_ms=25016 poll=138534 phase=3 heartbeat=751646 dispatch_entry=375823 dispatch_exit=375823 last_eip=0x0B5D0618 progress=7449 single_step=79847 aot=348696/493808 fast=0/0/0 routea=35667/12931 region=0/0/0/0/0 span=4915/29/4886/87/12983 span_cache=0/0 span_reject_cache=12968/4930/0/15/0 span_write=0/0/0 span_cancel_last=0x80000004/0x0304EACE span_jump=0/0 retired_span=0/0 selguard=95526/298303/0/11942/0 posthle=0/0 prov=331483/12085/202/0/9971/0/4926/0 reject=0x00000000:0x00000000/0x00 bytes=0000000000000000
[repiu-live-debug] icache patch #139264 miss=0x0C3ACC18 guest=0x0301A8A0 cache=0x0C3AD415 site_guest=0x030D8B3C entries=4 chosen=2 guard=0x0F
[repiu-ymz] keyon voice=5 mode=ADPCM start=0x03F392 stop=0x04207A rate=44100Hz level=255 pan=8 loop=no
[repiu-live] elapsed_ms=26016 poll=144993 phase=2 heartbeat=781625 dispatch_entry=390813 dispatch_exit=390812 last_eip=0x0B5D0618 progress=7449 single_step=81063 aot=362954/514835 fast=0/0/0 routea=36511/13033 region=0/0/0/0/0 span=5151/29/5122/87/13085 span_cache=0/0 span_reject_cache=13070/5166/0/15/0 span_write=0/0/0 span_cancel_last=0x80000004/0x0304F5C1 span_jump=0/0 retired_span=0/0 selguard=95526/298303/0/12027/0 posthle=0/0 prov=345420/12170/202/0/10443/0/5162/0 reject=0x00000000:0x00000000/0x00 bytes=0000000000000000
[repiu-live-debug] icache patch #143360 miss=0x0C3ACC18 guest=0x0301A8DE cache=0x0C3AD462 site_guest=0x030D8B3C entries=4 chosen=0 guard=0x0F
[repiu-ymz] keyon voice=5 mode=ADPCM start=0x03F392 stop=0x04207A rate=44100Hz level=255 pan=8 loop=no
[repiu-live-debug] icache patch #147456 miss=0x0C64D8BE guest=0x0302F80B cache=0x0C6526AE site_guest=0x0301B307 entries=4 chosen=1 guard=0x0F
[repiu-live] elapsed_ms=27016 poll=151408 phase=3 heartbeat=811442 dispatch_entry=405721 dispatch_exit=405721 last_eip=0x0B5D0448 progress=7449 single_step=82293 aot=377130/535795 fast=0/0/0 routea=37361/13141 region=0/0/0/0/0 span=5387/29/5358/87/13193 span_cache=0/0 span_reject_cache=13178/5402/0/15/0 span_write=0/0/0 span_cancel_last=0x80000004/0x0304C97B span_jump=0/0 retired_span=0/0 selguard=95526/298303/0/12117/0 posthle=0/0 prov=359270/12260/202/0/10915/0/5398/0 reject=0x00000000:0x00000000/0x00 bytes=0000000000000000
[repiu-live-debug] icache patch #151552 miss=0x0C654DCE guest=0x0302F91F cache=0x0C654AD0 site_guest=0x03034F8D entries=4 chosen=1 guard=0x0F
[repiu-ymz] keyon voice=5 mode=ADPCM start=0x03F392 stop=0x04207A rate=44100Hz level=255 pan=8 loop=no
[repiu-live] elapsed_ms=28016 poll=157435 phase=2 heartbeat=839735 dispatch_entry=419868 dispatch_exit=419867 last_eip=0x0B5D0618 progress=7449 single_step=83495 aot=390545/555630 fast=0/0/0 routea=38199/13237 region=0/0/0/0/0 span=5623/29/5594/87/13289 span_cache=0/0 span_reject_cache=13274/5638/0/15/0 span_write=0/0/0 span_cancel_last=0x80000004/0x0304C96C span_jump=0/0 retired_span=0/0 selguard=95526/298303/0/12197/0 posthle=0/0 prov=372369/12340/202/0/11387/0/5634/0 reject=0x00000000:0x00000000/0x00 bytes=0000000000000000
[repiu-live-debug] icache patch #155648 miss=0x0C3ACC18 guest=0x0301A886 cache=0x0C3AD3F6 site_guest=0x030D8B3C entries=4 chosen=0 guard=0x0F
[repiu-ymz] keyon voice=5 mode=ADPCM start=0x03F392 stop=0x04207A rate=44100Hz level=255 pan=8 loop=no
[repiu-live] elapsed_ms=29016 poll=163079 phase=3 heartbeat=866506 dispatch_entry=433253 dispatch_exit=433253 last_eip=0x0B5D04E0 progress=7449 single_step=84675 aot=403194/574242 fast=0/0/0 routea=39025/13327 region=0/0/0/0/0 span=5857/29/5828/87/13379 span_cache=0/0 span_reject_cache=13364/5872/0/15/0 span_write=0/0/0 span_cancel_last=0x80000004/0x0304EACE span_jump=0/0 retired_span=0/0 selguard=95526/298303/0/12272/0 posthle=0/0 prov=384707/12415/204/0/11855/0/5868/0 reject=0x00000000:0x00000000/0x00 bytes=0000000000000000
[repiu-live-debug] icache patch #159744 miss=0x0C3ACC18 guest=0x0301A8DE cache=0x0C3AD462 site_guest=0x030D8B3C entries=4 chosen=2 guard=0x0F
[repiu-ymz] keyon voice=5 mode=ADPCM start=0x03F392 stop=0x04207A rate=44100Hz level=255 pan=8 loop=no
[repiu-ymz] keyon voice=3 mode=ADPCM start=0x02EC99 stop=0x034C03 rate=44100Hz level=255 pan=8 loop=no
[repiu-live-debug] icache patch #163840 miss=0x0C3ACC18 guest=0x0301A877 cache=0x0C3AD3E2 site_guest=0x030D8B3C entries=4 chosen=1 guard=0x0F
[repiu-live] elapsed_ms=30094 poll=167671 phase=2 heartbeat=888049 dispatch_entry=444025 dispatch_exit=444024 last_eip=0x0B5D04A0 progress=7449 single_step=85603 aot=413117/589021 fast=0/0/0 routea=39684/13399 region=0/0/0/0/0 span=6030/29/6001/87/13451 span_cache=0/0 span_reject_cache=13436/6045/0/15/0 span_write=0/0/0 span_cancel_last=0x80000004/0x0304BA0B span_jump=0/0 retired_span=0/0 selguard=95526/298303/0/12332/0 posthle=0/0 prov=394397/12475/204/0/12201/0/6041/0 reject=0x00000000:0x00000000/0x00 bytes=0000000000000000
[00:43:31.150] [    info] [loader] [debug-ordinal-95] ordinal 95 name: _GRDEPTHBIASLEVEL@4
[00:43:31.150] [    info] [loader] Win32 minimal execution attempt: valid
[00:43:31.150] [    info] [loader] Win32 minimal execution supported: true
[00:43:31.150] [    info] [loader] Win32 minimal execution attempted: true
[00:43:31.150] [    info] [loader] Win32 minimal execution entry: 0x030F4BB8
[00:43:31.150] [    info] [loader] Win32 minimal execution returned: false
[00:43:31.150] [    info] [loader] Win32 minimal execution exception caught: false
[00:43:31.150] [    info] [loader] Win32 handled original fatal breakpoint count: 0
[00:43:31.150] [    info] [loader] Win32 original fatal halt reached: false
[00:43:31.150] [    info] [loader] Win32 minimal execution timed out: false
[00:43:31.150] [    info] [loader] Win32 SDL exit requested: true
[00:43:31.150] [    info] [loader] Win32 single-step trace count: 85603
[00:43:31.150] [    info] [loader] Win32 exception census single-step/breakpoint/access-violation/other/total: 358904/425928/16287/14899/816018
[00:43:31.150] [    info] [loader] Win32 exception census share single-step/breakpoint/access-violation/other: 43.98%/52.20%/2.00%/1.83%
[00:43:31.150] [    info] [loader] Win32 exception census other code/count: 0xC0000096/14899
[00:43:31.150] [    info] [loader] Win32 single-step run buckets 1/2/3/4/5-8/9-16/17-32/33+: 358904/0/0/0/0/0/0/0
[00:43:31.150] [    info] [loader] Win32 single-step run count/max/mean: 358904/1/1
[00:43:31.150] [    info] [loader] Win32 hle reentry funnel not-pending/backend/segment-write/outside-arena/quarantined/span-unsafe/success/total: 0/0/0/0/0/12006/54082/66088
[00:43:31.150] [    info] [loader] Win32 hle reentry cache miss count: 0
[00:43:31.150] [    info] [loader] Win32 hle reentry segment-write resumed: 20032
[00:43:31.150] [    info] [loader] Win32 quarantine events/unknown-source/deferred/overflow: 0/0/16/0
[00:43:31.150] [    info] [loader] Win32 hle reentry funnel share not-pending/segment-write/outside-arena/quarantined/span-unsafe/success: 0.00%/0.00%/0.00%/0.00%/18.17%/81.83%
[00:43:31.150] [    info] [loader] Win32 single-step hotspot enabled/total/distinct/overflow: true/85603/241/0
[00:43:31.150] [    info] [loader] Win32 single-step hotspot cycles total/max: 3732243518/47635594
[00:43:31.150] [    info] [loader] Win32 single-step hotspot outcome count HLE/timer/native/TF: 66104/18/6030/13451
[00:43:31.150] [    info] [loader] Win32 single-step hotspot outcome cycles HLE/timer/native/TF: 3638762616/1093757/62328476/30058669
[00:43:31.150] [    info] [loader] Win32 single-step hotspot top count/cycle coverage: 81.15%/90.95%
[00:43:31.150] [    info] [loader] Win32 single-step stage count prologue/hle/aot-resume/timer/native: 85603/85603/66088/19499/19481
[00:43:31.150] [    info] [loader] Win32 single-step stage cycles prologue/hle/aot-resume/timer/native/residual: 69294095/1801916260/1805343062/1839948/38169353/0
[00:43:31.150] [    info] [loader] Win32 single-step aot-resume sub-stage count seg-write/quarantine/cache-lookup/span-safety: 66088/66088/66088/66088
[00:43:31.150] [    info] [loader] Win32 single-step aot-resume sub-stage cycles seg-write/quarantine/cache-lookup/span-safety/residual: 83666767/10018757/69099276/1225647147/416911115
[00:43:31.150] [    info] [loader] Win32 single-step count hotspot #1 address/count/cycles/max/outcome: 0x030F5CC8/6007/67997372/117475/6007/0/0/0
[00:43:31.150] [    info] [loader] Win32 single-step count hotspot #2 address/count/cycles/max/outcome: 0x03042F80/6003/62077468/614200/0/2/6001/0
[00:43:31.150] [    info] [loader] Win32 single-step count hotspot #3 address/count/cycles/max/outcome: 0x030F536A/5471/274987434/279498/5471/0/0/0
[00:43:31.150] [    info] [loader] Win32 single-step count hotspot #4 address/count/cycles/max/outcome: 0x030F536C/5471/267696419/293928/5471/0/0/0
[00:43:31.150] [    info] [loader] Win32 single-step count hotspot #5 address/count/cycles/max/outcome: 0x030F8D22/3859/6403428/32412/0/0/0/3859
[00:43:31.150] [    info] [loader] Win32 single-step count hotspot #6 address/count/cycles/max/outcome: 0x030F940E/3512/43849452/65527/3512/0/0/0
[00:43:31.150] [    info] [loader] Win32 single-step count hotspot #7 address/count/cycles/max/outcome: 0x030F9412/3512/35608589/323454/3512/0/0/0
[00:43:31.150] [    info] [loader] Win32 single-step count hotspot #8 address/count/cycles/max/outcome: 0x030F9428/3512/6437744/242942/0/0/0/3512
[00:43:31.150] [    info] [loader] Win32 single-step count hotspot #9 address/count/cycles/max/outcome: 0x030F6CDD/2446/6065678/9916/0/0/0/2446
[00:43:31.150] [    info] [loader] Win32 single-step count hotspot #10 address/count/cycles/max/outcome: 0x030F4FFB/2372/39513808/93536/2372/0/0/0
[00:43:31.150] [    info] [loader] Win32 single-step count hotspot #11 address/count/cycles/max/outcome: 0x030F7A42/2372/21428104/51171/2372/0/0/0
[00:43:31.150] [    info] [loader] Win32 single-step count hotspot #12 address/count/cycles/max/outcome: 0x030F6CD7/1624/32694957/75295/1624/0/0/0
[00:43:31.150] [    info] [loader] Win32 single-step count hotspot #13 address/count/cycles/max/outcome: 0x0303391A/1512/166333493/1388536/1512/0/0/0
[00:43:31.150] [    info] [loader] Win32 single-step count hotspot #14 address/count/cycles/max/outcome: 0x03033927/1512/117501665/818884/1512/0/0/0
[00:43:31.150] [    info] [loader] Win32 single-step count hotspot #15 address/count/cycles/max/outcome: 0x030334E5/1505/162956696/1155851/1505/0/0/0
[00:43:31.150] [    info] [loader] Win32 single-step count hotspot #16 address/count/cycles/max/outcome: 0x030334F2/1505/118346397/618751/1505/0/0/0
[00:43:31.150] [    info] [loader] Win32 single-step count hotspot #17 address/count/cycles/max/outcome: 0x03033D66/1502/161408354/923539/1502/0/0/0
[00:43:31.150] [    info] [loader] Win32 single-step count hotspot #18 address/count/cycles/max/outcome: 0x03033D73/1502/117509663/767932/1502/0/0/0
[00:43:31.150] [    info] [loader] Win32 single-step count hotspot #19 address/count/cycles/max/outcome: 0x0303419D/1484/163395344/1654840/1484/0/0/0
[00:43:31.150] [    info] [loader] Win32 single-step count hotspot #20 address/count/cycles/max/outcome: 0x030341AA/1484/116672539/671772/1484/0/0/0
[00:43:31.150] [    info] [loader] Win32 single-step count hotspot #21 address/count/cycles/max/outcome: 0x030F5726/1210/14448058/60643/1210/0/0/0
[00:43:31.150] [    info] [loader] Win32 single-step count hotspot #22 address/count/cycles/max/outcome: 0x0303C795/1024/8152949/43327/1024/0/0/0
[00:43:31.150] [    info] [loader] Win32 single-step count hotspot #23 address/count/cycles/max/outcome: 0x0303C779/1024/4682632/54315/1024/0/0/0
[00:43:31.150] [    info] [loader] Win32 single-step count hotspot #24 address/count/cycles/max/outcome: 0x0303C758/1024/4631362/38998/1024/0/0/0
[00:43:31.150] [    info] [loader] Win32 single-step count hotspot #25 address/count/cycles/max/outcome: 0x030F3BAD/890/290813238/840603/890/0/0/0
[00:43:31.150] [    info] [loader] Win32 single-step count hotspot #26 address/count/cycles/max/outcome: 0x030F3BBD/890/289928373/1073185/890/0/0/0
[00:43:31.150] [    info] [loader] Win32 single-step count hotspot #27 address/count/cycles/max/outcome: 0x030F3BA4/890/20524223/257557/890/0/0/0
[00:43:31.150] [    info] [loader] Win32 single-step count hotspot #28 address/count/cycles/max/outcome: 0x030F3BA6/890/17467888/68006/890/0/0/0
[00:43:31.150] [    info] [loader] Win32 single-step count hotspot #29 address/count/cycles/max/outcome: 0x030F8CC0/878/11318171/40959/878/0/0/0
[00:43:31.150] [    info] [loader] Win32 single-step count hotspot #30 address/count/cycles/max/outcome: 0x030F8CC4/878/8979055/67118/878/0/0/0
[00:43:31.150] [    info] [loader] Win32 single-step count hotspot #31 address/count/cycles/max/outcome: 0x030F8D7D/878/1476542/10730/0/0/0/878
[00:43:31.150] [    info] [loader] Win32 single-step count hotspot #32 address/count/cycles/max/outcome: 0x030FA98D/822/4261736/87838/0/1/0/821
[00:43:31.150] [    info] [loader] Win32 single-step cycle hotspot #1 address/count/cycles/max/outcome: 0x030F3BAD/890/290813238/840603/890/0/0/0
[00:43:31.150] [    info] [loader] Win32 single-step cycle hotspot #1 stage cycles prologue/hle/aot-resume/timer/native: 544225/282349484/7776176/0/0
[00:43:31.150] [    info] [loader] Win32 single-step cycle hotspot #2 address/count/cycles/max/outcome: 0x030F3BBD/890/289928373/1073185/890/0/0/0
[00:43:31.150] [    info] [loader] Win32 single-step cycle hotspot #2 stage cycles prologue/hle/aot-resume/timer/native: 694056/282346754/6727060/0/0
[00:43:31.150] [    info] [loader] Win32 single-step cycle hotspot #3 address/count/cycles/max/outcome: 0x030F536A/5471/274987434/279498/5471/0/0/0
[00:43:31.150] [    info] [loader] Win32 single-step cycle hotspot #3 stage cycles prologue/hle/aot-resume/timer/native: 3705803/623809/269816833/0/0
[00:43:31.150] [    info] [loader] Win32 single-step cycle hotspot #4 address/count/cycles/max/outcome: 0x030F536C/5471/267696419/293928/5471/0/0/0
[00:43:31.150] [    info] [loader] Win32 single-step cycle hotspot #4 stage cycles prologue/hle/aot-resume/timer/native: 3577598/3965542/259357230/0/0
[00:43:31.150] [    info] [loader] Win32 single-step cycle hotspot #5 address/count/cycles/max/outcome: 0x030F5637/580/225252829/2306136/580/0/0/0
[00:43:31.150] [    info] [loader] Win32 single-step cycle hotspot #5 stage cycles prologue/hle/aot-resume/timer/native: 800717/213782089/10505410/0/0
[00:43:31.150] [    info] [loader] Win32 single-step cycle hotspot #6 address/count/cycles/max/outcome: 0x0303391A/1512/166333493/1388536/1512/0/0/0
[00:43:31.150] [    info] [loader] Win32 single-step cycle hotspot #6 stage cycles prologue/hle/aot-resume/timer/native: 2480073/59557865/103926754/0/0
[00:43:31.150] [    info] [loader] Win32 single-step cycle hotspot #7 address/count/cycles/max/outcome: 0x0303419D/1484/163395344/1654840/1484/0/0/0
[00:43:31.150] [    info] [loader] Win32 single-step cycle hotspot #7 stage cycles prologue/hle/aot-resume/timer/native: 2406813/58926309/101692310/0/0
[00:43:31.150] [    info] [loader] Win32 single-step cycle hotspot #8 address/count/cycles/max/outcome: 0x030334E5/1505/162956696/1155851/1505/0/0/0
[00:43:31.150] [    info] [loader] Win32 single-step cycle hotspot #8 stage cycles prologue/hle/aot-resume/timer/native: 2480663/56799678/103287441/0/0
[00:43:31.150] [    info] [loader] Win32 single-step cycle hotspot #9 address/count/cycles/max/outcome: 0x03033D66/1502/161408354/923539/1502/0/0/0
[00:43:31.150] [    info] [loader] Win32 single-step cycle hotspot #9 stage cycles prologue/hle/aot-resume/timer/native: 2468418/55406570/103154077/0/0
[00:43:31.150] [    info] [loader] Win32 single-step cycle hotspot #10 address/count/cycles/max/outcome: 0x030334F2/1505/118346397/618751/1505/0/0/0
[00:43:31.150] [    info] [loader] Win32 single-step cycle hotspot #10 stage cycles prologue/hle/aot-resume/timer/native: 1161352/20984619/95981102/0/0
[00:43:31.150] [    info] [loader] Win32 single-step cycle hotspot #11 address/count/cycles/max/outcome: 0x03033D73/1502/117509663/767932/1502/0/0/0
[00:43:31.150] [    info] [loader] Win32 single-step cycle hotspot #11 stage cycles prologue/hle/aot-resume/timer/native: 1156274/20682194/95449191/0/0
[00:43:31.150] [    info] [loader] Win32 single-step cycle hotspot #12 address/count/cycles/max/outcome: 0x03033927/1512/117501665/818884/1512/0/0/0
[00:43:31.150] [    info] [loader] Win32 single-step cycle hotspot #12 stage cycles prologue/hle/aot-resume/timer/native: 1169490/20410113/95708304/0/0
[00:43:31.150] [    info] [loader] Win32 single-step cycle hotspot #13 address/count/cycles/max/outcome: 0x030341AA/1484/116672539/671772/1484/0/0/0
[00:43:31.150] [    info] [loader] Win32 single-step cycle hotspot #13 stage cycles prologue/hle/aot-resume/timer/native: 1155390/21208219/94099138/0/0
[00:43:31.150] [    info] [loader] Win32 single-step cycle hotspot #14 address/count/cycles/max/outcome: 0x030F87B7/77/76466549/47635594/77/0/0/0
[00:43:31.150] [    info] [loader] Win32 single-step cycle hotspot #14 stage cycles prologue/hle/aot-resume/timer/native: 81322/74856230/1506303/0/0
[00:43:31.150] [    info] [loader] Win32 single-step cycle hotspot #15 address/count/cycles/max/outcome: 0x030F3A53/220/70056186/661338/220/0/0/0
[00:43:31.150] [    info] [loader] Win32 single-step cycle hotspot #15 stage cycles prologue/hle/aot-resume/timer/native: 124679/68117003/1780169/0/0
[00:43:31.150] [    info] [loader] Win32 single-step cycle hotspot #16 address/count/cycles/max/outcome: 0x030F3A8E/220/69843543/599289/220/0/0/0
[00:43:31.150] [    info] [loader] Win32 single-step cycle hotspot #16 stage cycles prologue/hle/aot-resume/timer/native: 126267/67925226/1758959/0/0
[00:43:31.150] [    info] [loader] Win32 single-step cycle hotspot #17 address/count/cycles/max/outcome: 0x030F3A9E/220/69687366/617160/220/0/0/0
[00:43:31.150] [    info] [loader] Win32 single-step cycle hotspot #17 stage cycles prologue/hle/aot-resume/timer/native: 164049/67924786/1562018/0/0
[00:43:31.150] [    info] [loader] Win32 single-step cycle hotspot #18 address/count/cycles/max/outcome: 0x030F3ACA/220/69183681/523254/220/0/0/0
[00:43:31.150] [    info] [loader] Win32 single-step cycle hotspot #18 stage cycles prologue/hle/aot-resume/timer/native: 162199/67439170/1545433/0/0
[00:43:31.150] [    info] [loader] Win32 single-step cycle hotspot #19 address/count/cycles/max/outcome: 0x030F3ABA/220/68789523/478114/220/0/0/0
[00:43:31.150] [    info] [loader] Win32 single-step cycle hotspot #19 stage cycles prologue/hle/aot-resume/timer/native: 127413/66861824/1766776/0/0
[00:43:31.150] [    info] [loader] Win32 single-step cycle hotspot #20 address/count/cycles/max/outcome: 0x030F3A63/220/68494406/445222/220/0/0/0
[00:43:31.150] [    info] [loader] Win32 single-step cycle hotspot #20 stage cycles prologue/hle/aot-resume/timer/native: 161459/66769510/1526932/0/0
[00:43:31.150] [    info] [loader] Win32 single-step cycle hotspot #21 address/count/cycles/max/outcome: 0x030F5CC8/6007/67997372/117475/6007/0/0/0
[00:43:31.150] [    info] [loader] Win32 single-step cycle hotspot #21 stage cycles prologue/hle/aot-resume/timer/native: 5157643/22335324/39562527/0/0
[00:43:31.150] [    info] [loader] Win32 single-step cycle hotspot #22 address/count/cycles/max/outcome: 0x03042F80/6003/62077468/614200/0/2/6001/0
[00:43:31.150] [    info] [loader] Win32 single-step cycle hotspot #22 stage cycles prologue/hle/aot-resume/timer/native: 6207227/19010213/0/492478/34452624
[00:43:31.150] [    info] [loader] Win32 single-step cycle hotspot #23 address/count/cycles/max/outcome: 0x030F940E/3512/43849452/65527/3512/0/0/0
[00:43:31.150] [    info] [loader] Win32 single-step cycle hotspot #23 stage cycles prologue/hle/aot-resume/timer/native: 2258625/394606/40601073/0/0
[00:43:31.150] [    info] [loader] Win32 single-step cycle hotspot #24 address/count/cycles/max/outcome: 0x030F4FFB/2372/39513808/93536/2372/0/0/0
[00:43:31.150] [    info] [loader] Win32 single-step cycle hotspot #24 stage cycles prologue/hle/aot-resume/timer/native: 1854730/482454/36806778/0/0
[00:43:31.150] [    info] [loader] Win32 single-step cycle hotspot #25 address/count/cycles/max/outcome: 0x030F9412/3512/35608589/323454/3512/0/0/0
[00:43:31.150] [    info] [loader] Win32 single-step cycle hotspot #25 stage cycles prologue/hle/aot-resume/timer/native: 2140963/2534689/30355525/0/0
[00:43:31.150] [    info] [loader] Win32 single-step cycle hotspot #26 address/count/cycles/max/outcome: 0x030F6CD7/1624/32694957/75295/1624/0/0/0
[00:43:31.150] [    info] [loader] Win32 single-step cycle hotspot #26 stage cycles prologue/hle/aot-resume/timer/native: 994432/1514521/29939658/0/0
[00:43:31.150] [    info] [loader] Win32 single-step cycle hotspot #27 address/count/cycles/max/outcome: 0x030F740C/34/29474715/1342471/34/0/0/0
[00:43:31.150] [    info] [loader] Win32 single-step cycle hotspot #27 stage cycles prologue/hle/aot-resume/timer/native: 32190/28687540/744366/0/0
[00:43:31.150] [    info] [loader] Win32 single-step cycle hotspot #28 address/count/cycles/max/outcome: 0x030F957A/41/26225747/1436266/41/0/0/0
[00:43:31.150] [    info] [loader] Win32 single-step cycle hotspot #28 stage cycles prologue/hle/aot-resume/timer/native: 25787/25871873/322153/0/0
[00:43:31.150] [    info] [loader] Win32 single-step cycle hotspot #29 address/count/cycles/max/outcome: 0x030F9531/41/25997128/1283678/41/0/0/0
[00:43:31.150] [    info] [loader] Win32 single-step cycle hotspot #29 stage cycles prologue/hle/aot-resume/timer/native: 31484/24270665/1688530/0/0
[00:43:31.150] [    info] [loader] Win32 single-step cycle hotspot #30 address/count/cycles/max/outcome: 0x030F6E86/812/23592251/79476/812/0/0/0
[00:43:31.150] [    info] [loader] Win32 single-step cycle hotspot #30 stage cycles prologue/hle/aot-resume/timer/native: 915414/666983/21795205/0/0
[00:43:31.150] [    info] [loader] Win32 single-step cycle hotspot #31 address/count/cycles/max/outcome: 0x030F7A42/2372/21428104/51171/2372/0/0/0
[00:43:31.150] [    info] [loader] Win32 single-step cycle hotspot #31 stage cycles prologue/hle/aot-resume/timer/native: 1574268/2182596/17338122/0/0
[00:43:31.150] [    info] [loader] Win32 single-step cycle hotspot #32 address/count/cycles/max/outcome: 0x030F3BA4/890/20524223/257557/890/0/0/0
[00:43:31.150] [    info] [loader] Win32 single-step cycle hotspot #32 stage cycles prologue/hle/aot-resume/timer/native: 650127/210390/19516503/0/0
[00:43:31.150] [    info] [loader] Win32 execution time profile enabled: true
[00:43:31.150] [    info] [loader] Win32 execution time cycles guest-run/veh/glide-gate/port-io/dos: 111495398346/22638386865/11873738426/417106514/322335459
[00:43:31.150] [    info] [loader] Win32 execution time count guest-run/veh/glide-gate/port-io/dos: 1/816017/348910/55848/1188
[00:43:31.150] [    info] [loader] Win32 VEH gap cycles single-step/breakpoint/other/unclassified/total: 11001096343/76244588998/943323404/0/88189008745
[00:43:31.150] [    info] [loader] Win32 VEH gap counts single-step/breakpoint/other: 358904/425928/31185
[00:43:31.150] [    info] [loader] Win32 VEH gap mean single-step/breakpoint/other: 30651/179008/30249
[00:43:31.150] [    info] [loader] Win32 VEH gap min/max/clamped: 21460/80730984/0
[00:43:31.150] [    info] [loader] Win32 VEH gap share of wall total/single-step: 79.10%/9.87%
[00:43:31.150] [    info] [loader] Win32 execution time inside-veh cycles glide-gate/port-io/dos: 11873738426/417106514/322335459
[00:43:31.150] [    info] [loader] Win32 execution time inside-veh count glide-gate/port-io/dos: 348910/55848/1188
[00:43:31.150] [    info] [loader] Win32 execution time derived veh-exclusive/unaccounted: 10025206466/88857011481
[00:43:31.150] [    info] [loader] Win32 Glide gate prologue cycles/count/mean/clamped: 939290288/348911/2692/0
[00:43:31.150] [    info] [loader] Win32 execution time veh sub-bucket cycles prologue/aot-transfer/telemetry/gates/hle-chain/residual: 270308128/5875069867/26372489/16874901/92078542/767381794
[00:43:31.150] [    info] [loader] Win32 execution time veh sub-bucket count prologue/aot-transfer/telemetry/gates/hle-chain: 816019/816018/444025/116753/24531
[00:43:31.150] [    info] [loader] Win32 execution time veh sub-bucket share prologue/aot-transfer/telemetry/gates/hle-chain/single-step/residual: 1.19%/25.95%/0.12%/0.07%/0.41%/16.42%/3.39%
[00:43:31.150] [    info] [loader] Win32 aot transfer handler cycles write-completion/write-fault/reentry/indirect/conditional/return/residual: 65452248/34274138/4574158326/823995435/19603804/58197521546/0
[00:43:31.150] [    info] [loader] Win32 aot transfer function cycles resolve/hle-boundary-scan/dynamic-translate/residency: 2025420650/69768409/1586943988/4959556787
[00:43:31.150] [    info] [loader] Win32 aot transfer function count resolve/hle-boundary-scan/dynamic-translate/residency: 534939/1919712/313/589021
[00:43:31.150] [    info] [loader] Win32 aot transfer handler share write-completion/write-fault/reentry/indirect/conditional/return/residual: 1.11%/0.58%/77.86%/14.03%/0.33%/990.58%/0.00%
[00:43:31.150] [    info] [loader] Win32 aot transfer function share resolve/hle-boundary-scan/dynamic-translate/residency: 34.47%/1.19%/27.01%/84.42%
[00:43:31.150] [    info] [loader] Win32 aot reentry cycles guest-lookup/provenance/retired/boundary-reason/native-span/single-step/residual: 217185663/220158862/679560486/83077787/0/3269775716/104399812
[00:43:31.150] [    info] [loader] Win32 aot reentry count guest-lookup/provenance/retired/boundary-reason/native-span/single-step: 425318/425318/12201/413117/0/358830
[00:43:31.150] [    info] [loader] Win32 aot reentry share guest-lookup/provenance/retired/boundary-reason/native-span/single-step/residual: 4.75%/4.81%/14.86%/1.82%/0.00%/71.48%/2.28%
[00:43:31.150] [    info] [loader] Win32 aot worker timing enabled/translate/other/clamped: true/313/163961/0
[00:43:31.150] [    info] [loader] Win32 aot worker timing cycles wake/segment-table/append/complete/residual/guest-total: 7540283/295778/1569570645/7947133/773300/1586127139
[00:43:31.150] [    info] [loader] Win32 aot worker timing max wake/append/guest-total: 121342/70266959/70321238
[00:43:31.150] [    info] [loader] Win32 aot worker timing share wake/segment-table/append/complete/residual: 0.48%/0.02%/98.96%/0.50%/0.05%
[00:43:31.150] [    info] [loader] Win32 aot worker timing mean per translate guest-total/append/request-gap: 5067498/5014602/124971264
[00:43:31.150] [    info] [loader] Win32 aot append phase cycles arena-snapshot/plan-build/image-emit/validate/placement/residual: 190924/675429197/486316700/25509835/381368934/755055
[00:43:31.150] [    info] [loader] Win32 aot append phase share arena-snapshot/plan-build/image-emit/validate/placement/residual: 0.01%/43.03%/30.98%/1.63%/24.30%/0.05%
[00:43:31.150] [    info] [loader] Win32 aot append scale count/mean blocks/instructions/emitted-bytes/snapshot-bytes: 313/277/1048/7999/0
[00:43:31.150] [    info] [loader] Win32 aot append max snapshot-cycles/instructions: 170200/17013
[00:43:31.150] [    info] [loader] Win32 aot plan stage cycles decoder-init/decode/record-build/classify/walk/sweep/residual: 62567/299629900/60376534/112808065/117912286/3386276/81081737
[00:43:31.150] [    info] [loader] Win32 aot plan stage share decoder-init/decode/record-build/classify/walk/sweep/residual: 0.01%/44.37%/8.94%/16.71%/17.46%/0.50%/12.01%
[00:43:31.150] [    info] [loader] Win32 aot plan scale builds/decodes/records/sweep-passes/sweep-visits/max-passes: 313/327848/328026/313/328026/1
[00:43:31.150] [    info] [loader] Win32 aot plan cycles per instruction total/decode/record-build: 2059/913/184
[00:43:31.150] [    info] [loader] Win32 glide gate timing enabled/rendezvous/direct/clamped: true/165460/0/0
[00:43:31.150] [    info] [loader] Win32 glide gate cycles queue/wake/work/complete/residual/total: 101680958/4585146080/2565736901/3479252775/0/10731816159
[00:43:31.150] [    info] [loader] Win32 glide gate direct cycles/max wake/work/total: 0/7429804/888802345/888888222
[00:43:31.150] [    info] [loader] Win32 glide gate share queue/wake/work/complete/residual: 0.95%/42.72%/23.91%/32.42%/0.00%
[00:43:31.150] [    info] [loader] Win32 glide gate mean per rendezvous total/wake/work: 64860/27711/15506
[00:43:31.150] [    info] [loader] Win32 Glide ordinal timing enabled/entries/completed/overflow/clamped: false/0/0/0/0
[00:43:31.150] [    info] [loader] Win32 Glide ordinal cycles gate/queue/wake/work/complete/residual/backend-total/direct-work: 0/0/0/0/0/0/0/0
[00:43:31.150] [    info] [loader] Win32 Glide ordinal backend rendezvous/direct: 0/0
[00:43:31.150] [    info] [loader] Win32 Glide buffer swap timing enabled/calls/success/failure/clamped: false/0/0/0/0
[00:43:31.150] [    info] [loader] Win32 Glide buffer swap cycles setup/present/accounting/finalize/total/max-present: 0/0/0/0/0/0
[00:43:31.150] [    info] [loader] Win32 Glide buffer swap requested interval zero/one/other/min/max/last: 0/0/0/0/0/0
[00:43:31.150] [    info] [loader] Win32 Glide buffer swap SDL interval queries/success/failure/value: 0/0/0/0
[00:43:31.150] [    info] [loader] Win32 Glide setter census enabled/entries/calls/first/same/changed/failure/unsupported: false/0/0/0/0/0/0/0
[00:43:31.150] [    info] [loader] Win32 Glide setter census key-overflow/distinct-overflow/ordinal-overflow/invalidations/frames/texture-generation: 0/0/0/0/0/0
[00:43:31.150] [    info] [loader] Win32 Glide setter phase enabled/clamped: false/0
[00:43:31.150] [    info] [loader] Win32 Glide setter phase depth-mask calls/drain/apply/error/total/max-total/max-apply/max-error/drain-iterations/errors: 0/0/0/0/0/0/0/0/0/0
[00:43:31.150] [    info] [loader] Win32 Glide setter phase alpha-blend calls/drain/apply/error/total/max-total/max-apply/max-error/drain-iterations/errors: 0/0/0/0/0/0/0/0/0/0
[00:43:31.150] [    info] [loader] Win32 Glide setter elision enabled/entries/elided/applied/voided/invalidations/ordinal-overflow/texture-generation: true/7/140412/16/0/4/0/41
[00:43:31.150] [    info] [loader] Win32 execution time share veh/glide-gate/port-io/dos/unaccounted: 20.30%/10.65%/0.37%/0.29%/79.70%
[00:43:31.150] [    info] [loader] Win32 native fast path entry/return/cancel: 0/0/0
[00:43:31.150] [    info] [loader] Win32 native fast path last entry/return: 0x00000000/0x00000000
[00:43:31.150] [    info] [loader] Win32 native linear span entry/boundary/cancel/instructions/reject: 6030/29/6001/87/13451
[00:43:31.150] [    info] [loader] Win32 native linear span cache hit/miss: 0/0
[00:43:31.150] [    info] [loader] Win32 native linear span reject cache hit/miss/stale/store/capacity-skip: 13436/6045/0/15/0
[00:43:31.150] [    info] [loader] Win32 native linear span write cross/uncovered/fault-cancel: 0/0/0
[00:43:31.150] [    info] [loader] Win32 native linear span last cancel code/eip: 0x80000004/0x0304BA0B
[00:43:31.150] [    info] [loader] Win32 native linear span jump chain/backward-stop: 0/0
[00:43:31.150] [    info] [loader] Win32 execution backend: aot-dbt
[00:43:31.150] [    info] [loader] Win32 AOT entry/boundary/reentry/fallback: 1/413117/589021/0
[00:43:31.150] [    info] [loader] Win32 AOT-DBT HLE reentry attempt/success: 66088/54082
[00:43:31.150] [    info] [loader] Win32 AOT-DBT post-HLE translation attempt/success: 0/0
[00:43:31.150] [    info] [loader] Win32 AOT-DBT HLE host dispatch entry/attempt/success/fallback: 0/0/0/0
[00:43:31.150] [    info] [loader] Win32 AOT-DBT HLE host fallback reason site/veh-required/unhandled/target/state/unknown: 0/0/0/0/0/0
[00:43:31.150] [    info] [loader] Win32 AOT selector guard native/HLE/unresolved-site/HLE-exit/mismatch: 95526/298303/0/12332/0
[00:43:31.150] [    info] [loader] Win32 AOT-DBT HLE host last source/next/bytes: 0x00000000/0x00000000/0x00000000
[00:43:31.150] [    info] [loader] Win32 AOT guarded segment-pop success/fallback: 48552/1595
[00:43:31.150] [    info] [loader] Win32 AOT timer safe-point trap/injected/deferred: 610/578/32
[00:43:31.150] [    info] [loader] Win32 AOT timer source profile enabled/entries/overflow/attributed-ticks: false/0/0/0
[00:43:31.150] [    info] [loader] Win32 AOT-DBT return entry/attempt/success/fallback: 163704/163704/163704/0
[00:43:31.150] [    info] [loader] Win32 AOT-DBT return fallback reason site/state/opcode/source/zero/hle/quarantine/non-guest/translate/unknown: 0/0/0/0/0/0/0/0/0/0
[00:43:31.150] [    info] [loader] Win32 AOT-DBT return fallback reason total: 0
[00:43:31.150] [    info] [loader] Win32 AOT-DBT indirect entry/attempt/success/fallback: 0/0/0/0
[00:43:31.150] [    info] [loader] Win32 AOT-DBT indirect fallback reason site/state/opcode/source/zero/hle/quarantine/non-guest/translate/unknown: 0/0/0/0/0/0/0/0/0/0
[00:43:31.150] [    info] [loader] Win32 AOT-DBT indirect fallback reason total: 0
[00:43:31.150] [    info] [loader] Win32 AOT boundary reason ret/indir/direct/cond/other: 0/204/0/0/412913
[00:43:31.150] [    info] [loader] Win32 AOT breakpoint provenance hle/seg/inline/jtable/retired/probe/fixup/unknown: 394397/12475/204/0/12201/0/6041/0
[00:43:31.150] [    info] [loader] Win32 AOT boundary opcode census samples/escapes/prefixed/segment/opsize/truncated/prefix-overflow/empty: 412913/327280/32772/13399/19517/0/0/0
[00:43:31.150] [    info] [loader] Win32 AOT boundary effective opcodes [0F:327280 8C:19885 8E:18437 ED:13094 EE:6007 CF:6003 EF:5875 8A:4903]
[00:43:31.150] [    info] [loader] Win32 AOT boundary 0F escape opcodes [0B:327272 02:3 03:2 A9:2 A1:1 00:0 00:0 00:0]
[00:43:31.150] [    info] [loader] Win32 AOT other-boundary top opcodes [0F:327280 8C:19520 66:19516 8E:18435 26:12332 EE:6007 CF:6003 1F:1586] last=0x0B5D04A0/0x00540B0F
[00:43:31.150] [    info] [loader] Win32 AOT residency total/samples/avg/max/coverage%: 4088620/589021/6.94/64/97.95
[00:43:31.151] [    info] [loader] Win32 AOT last fallback address: 0x00000000
[00:43:31.151] [    info] [loader] Win32 AOT dynamic attempt/success/bytes: 313/313/2503723
[00:43:31.151] [    info] [loader] Win32 AOT indirect dispatch/source/target: 204/0x030D03A5/0x030CF310
[00:43:31.151] [    info] [loader] Win32 AOT inline-cache patch attempt/success: 163908/163908
[00:43:31.151] [    info] [loader] Win32 AOT inline-cache sites/last cache boundary: 9036/0x0C5D5597
[00:43:31.151] [    info] [loader] Win32 AOT code writes/retire attempt/success: 90/53/53
[00:43:31.151] [    info] [loader] Win32 AOT generation publishes/quarantines: 188/0
[00:43:31.151] [    info] [loader] Win32 AOT generation failures/relinked/retired traps: 0/8938/12201
[00:43:31.151] [    info] [loader] Win32 AOT retired span attempt/success: 0/0
[00:43:31.151] [    info] [loader] Win32 AOT retired profile enabled/total/distinct guest/cache: false/0/0/0
[00:43:31.151] [    info] [loader] Win32 AOT retired profile top16 coverage/relinkable/short/metadata miss: 0.00%/0/0/0
[00:43:31.151] [    info] [loader] Win32 AOT retired profile overflow guest/cache: 0/0
[00:43:31.151] [    info] [loader] Win32 AOT retired profile resolution active/generation/quarantine/failure/fallback/trace: 0/0/0/0/0/0
[00:43:31.151] [    info] [loader] Win32 AOT last code write source/destination: 0x03034661/0x03034661
[00:43:31.151] [    info] [loader] Win32 AOT last retired page/published generation: 0x03034000/313
[00:43:31.151] [    info] [loader] Win32 AOT exception cache/guest mapping: invalid/0x00000000/0x00000000
[00:43:31.151] [    info] [loader] Win32 AOT return dispatch/source/target: 163704/0x03034F8D/0x0302F93F
[00:43:31.151] [    info] [loader] Win32 AOT return stack: 0x0302F93F 0x0302F9C3 0x00000000 0x0329E35C
[00:43:31.151] [    info] [loader] Win32 AOT call depth/return match/expected: 26/false/0x030D92F4
[00:43:31.151] [    info] [loader] Win32 AOT last call source/target: 0x030D03A5/0x030CF310
[00:43:31.151] [    info] [loader] Win32 AOT expected call source/target: 0x030D92F1/0x0309BCC8
[00:43:31.151] [    info] [loader] Win32 AOT return trace entries: 163704
[00:43:31.151] [    info] [loader] Win32 AOT return trace #163689 source/actual/expected/ESP/match: 0x030CF3BC/0x030D05E7/0x030D92F4/0x035D66F4/false
[00:43:31.151] [    info] [loader] Win32 AOT return trace #163690 source/actual/expected/ESP/match: 0x030CF3BC/0x030D0740/0x030D92F4/0x035D66F4/false
[00:43:31.151] [    info] [loader] Win32 AOT return trace #163691 source/actual/expected/ESP/match: 0x030CF3BC/0x030D0AE4/0x030D92F4/0x035D66F4/false
[00:43:31.151] [    info] [loader] Win32 AOT return trace #163692 source/actual/expected/ESP/match: 0x030CF3BC/0x030D0991/0x030D92F4/0x035D66F4/false
[00:43:31.151] [    info] [loader] Win32 AOT return trace #163693 source/actual/expected/ESP/match: 0x030CF3BC/0x030D0D1B/0x030D92F4/0x035D66F4/false
[00:43:31.151] [    info] [loader] Win32 AOT return trace #163694 source/actual/expected/ESP/match: 0x030CF3BC/0x030D0E68/0x030D92F4/0x035D66F4/false
[00:43:31.151] [    info] [loader] Win32 AOT return trace #163695 source/actual/expected/ESP/match: 0x03034F8D/0x0302F8AF/0x030D92F4/0x035D6DFC/false
[00:43:31.151] [    info] [loader] Win32 AOT return trace #163696 source/actual/expected/ESP/match: 0x03034F8D/0x0302F8BF/0x030D92F4/0x035D6DFC/false
[00:43:31.151] [    info] [loader] Win32 AOT return trace #163697 source/actual/expected/ESP/match: 0x03034F8D/0x0302F8CF/0x030D92F4/0x035D6DFC/false
[00:43:31.151] [    info] [loader] Win32 AOT return trace #163698 source/actual/expected/ESP/match: 0x03034F8D/0x0302F8DF/0x030D92F4/0x035D6DFC/false
[00:43:31.151] [    info] [loader] Win32 AOT return trace #163699 source/actual/expected/ESP/match: 0x03034F8D/0x0302F8EF/0x030D92F4/0x035D6DFC/false
[00:43:31.151] [    info] [loader] Win32 AOT return trace #163700 source/actual/expected/ESP/match: 0x03034F8D/0x0302F8FF/0x030D92F4/0x035D6DFC/false
[00:43:31.151] [    info] [loader] Win32 AOT return trace #163701 source/actual/expected/ESP/match: 0x03034F8D/0x0302F90F/0x030D92F4/0x035D6DFC/false
[00:43:31.151] [    info] [loader] Win32 AOT return trace #163702 source/actual/expected/ESP/match: 0x03034F8D/0x0302F91F/0x030D92F4/0x035D6DFC/false
[00:43:31.151] [    info] [loader] Win32 AOT return trace #163703 source/actual/expected/ESP/match: 0x03034F8D/0x0302F92F/0x030D92F4/0x035D6DFC/false
[00:43:31.151] [    info] [loader] Win32 AOT return trace #163704 source/actual/expected/ESP/match: 0x03034F8D/0x0302F93F/0x030D92F4/0x035D6DFC/false
[00:43:31.151] [    info] [loader] Win32 AOT transfer trace entries: 204
[00:43:31.151] [    info] [loader] Win32 AOT transfer trace #173 source/target/kind: 0x0302F909/0x03034F5C/call
[00:43:31.151] [    info] [loader] Win32 AOT transfer trace #174 source/target/kind: 0x0302F919/0x03034F5C/call
[00:43:31.151] [    info] [loader] Win32 AOT transfer trace #175 source/target/kind: 0x0302F929/0x03034F5C/call
[00:43:31.151] [    info] [loader] Win32 AOT transfer trace #176 source/target/kind: 0x0302F939/0x03034F5C/call
[00:43:31.151] [    info] [loader] Win32 AOT transfer trace #177 source/target/kind: 0x030D92F1/0x0309BCC8/call
[00:43:31.151] [    info] [loader] Win32 AOT transfer trace #178 source/target/kind: 0x030D6C0F/0x0309D2B8/call
[00:43:31.151] [    info] [loader] Win32 AOT transfer trace #179 source/target/kind: 0x030D6B5B/0x0309D478/call
[00:43:31.151] [    info] [loader] Win32 AOT transfer trace #180 source/target/kind: 0x030D97E9/0x030618C8/call
[00:43:31.151] [    info] [loader] Win32 AOT transfer trace #181 source/target/kind: 0x030D913B/0x03086094/call
[00:43:31.151] [    info] [loader] Win32 AOT transfer trace #182 source/target/kind: 0x030D9559/0x03061638/call
[00:43:31.151] [    info] [loader] Win32 AOT transfer trace #183 source/target/kind: 0x0302F996/0x03034DE0/call
[00:43:31.151] [    info] [loader] Win32 AOT transfer trace #184 source/target/kind: 0x0302504E/0x03034F5C/call
[00:43:31.151] [    info] [loader] Win32 AOT transfer trace #185 source/target/kind: 0x03025070/0x03034F5C/call
[00:43:31.151] [    info] [loader] Win32 AOT transfer trace #186 source/target/kind: 0x030250A3/0x03034F5C/call
[00:43:31.151] [    info] [loader] Win32 AOT transfer trace #187 source/target/kind: 0x03024EF1/0x03034C14/call
[00:43:31.151] [    info] [loader] Win32 AOT transfer trace #188 source/target/kind: 0x0302F996/0x03034DE0/call
[00:43:31.151] [    info] [loader] Win32 AOT transfer trace #189 source/target/kind: 0x0302F8A9/0x03034F5C/call
[00:43:31.151] [    info] [loader] Win32 AOT transfer trace #190 source/target/kind: 0x0302F8B9/0x03034F5C/call
[00:43:31.151] [    info] [loader] Win32 AOT transfer trace #191 source/target/kind: 0x0302F8C9/0x03034F5C/call
[00:43:31.151] [    info] [loader] Win32 AOT transfer trace #192 source/target/kind: 0x0302F8D9/0x03034F5C/call
[00:43:31.151] [    info] [loader] Win32 AOT transfer trace #193 source/target/kind: 0x0302F8E9/0x03034F5C/call
[00:43:31.151] [    info] [loader] Win32 AOT transfer trace #194 source/target/kind: 0x0302F8F9/0x03034F5C/call
[00:43:31.151] [    info] [loader] Win32 AOT transfer trace #195 source/target/kind: 0x0302F909/0x03034F5C/call
[00:43:31.151] [    info] [loader] Win32 AOT transfer trace #196 source/target/kind: 0x0302F919/0x03034F5C/call
[00:43:31.151] [    info] [loader] Win32 AOT transfer trace #197 source/target/kind: 0x0302F929/0x03034F5C/call
[00:43:31.151] [    info] [loader] Win32 AOT transfer trace #198 source/target/kind: 0x0302F939/0x03034F5C/call
[00:43:31.151] [    info] [loader] Win32 AOT transfer trace #199 source/target/kind: 0x0302E4F8/0x03035014/call
[00:43:31.151] [    info] [loader] Win32 AOT transfer trace #200 source/target/kind: 0x030D92F1/0x0309BCC8/call
[00:43:31.151] [    info] [loader] Win32 AOT transfer trace #201 source/target/kind: 0x030D098B/0x030CF310/call
[00:43:31.151] [    info] [loader] Win32 AOT transfer trace #202 source/target/kind: 0x030D0E62/0x030CF310/call
[00:43:31.151] [    info] [loader] Win32 AOT transfer trace #203 source/target/kind: 0x030D0254/0x030CF310/call
[00:43:31.151] [    info] [loader] Win32 AOT transfer trace #204 source/target/kind: 0x030D03A5/0x030CF310/call
[00:43:31.151] [    info] [loader] Win32 execution probe configured/hit/offset: false/false/0x00000000
[00:43:31.151] [    info] [loader] Win32 diagnostic poll iterations: 167670
[00:43:31.151] [    info] [loader] Win32 diagnostic progress count: 7449
[00:43:31.151] [    info] [loader] Win32 diagnostic quiet iterations: 12
[00:43:31.151] [    info] [loader] Win32 exception dispatch entry count: 444025
[00:43:31.151] [    info] [loader] Win32 exception dispatch exit count: 444024
[00:43:31.151] [    info] [loader] Win32 exception dispatch outstanding count: 1
[00:43:31.151] [    info] [loader] Win32 exception dispatch last EIP: 0x0B5D04A0
[00:43:31.151] [    info] [loader] Win32 exception dispatch malformed count: 0
[00:43:31.151] [    info] [loader] Win32 exception dispatch last bad ContextRecord: 0x00000000
[00:43:31.151] [    info] [loader] Win32 exception dispatch last bad ExceptionRecord: 0x00000000
[00:43:31.151] [    info] [loader] Win32 selector table valid: true
[00:43:31.151] [    info] [loader] Win32 selector descriptor count: 16
[00:43:31.151] [    info] [loader] Win32 LINEXE environment active: true
[00:43:31.151] [    info] [loader] Win32 LINEXE saved client GS: 0x00000020
[00:43:31.151] [    info] [loader] Win32 LINEXE client descriptor: valid base=0x0B5C6000 limit=0x00000FFF
[00:43:31.151] [    info] [loader] Win32 LINEXE direct root: 0x00000090:0x0000059A
[00:43:31.151] [    info] [loader] Win32 LINEXE data descriptor: valid base=0x0B5D2000
[00:43:31.151] [    info] [loader] Win32 LINEXE module name pointer: 0x00000090:0x00000504
[00:43:31.151] [    info] [loader] Win32 LINEXE direct module name: LINEXE_LOADER
[00:43:31.151] [    info] [loader] Win32 LINEXE direct exports: count=15 table=0x00000090:0x00000522
[00:43:31.151] [    info] [loader] Win32 LINEXE direct first export name: 0x00000090:0x00000449
[00:43:31.151] [    info] [loader] Win32 LINEXE GS byte loads: 0 first_offset=0x00000000 first_value=0x00000000
[00:43:31.151] [    info] [loader] Win32 LINEXE resolved export count: 8
[00:43:31.151] [    info] [loader] Win32 LINEXE scan entry/match/return: 0/0/0
[00:43:31.151] [    info] [loader] Win32 LINEXE indirect far call count/source/pointer/target: 0/0x00000000/0x00000000/0x00000000:0x00000000 (unknown)
[00:43:31.151] [    info] [loader] Win32 timer tick delivery backlog-enabled/due/injected/coalesced/dropped/deferred/max-backlog/remaining: false/6679/6581/61/37/0/1/0
[00:43:31.151] [    info] [loader] Win32 INT 8 chain HLE count/source/pointer/target: 6581/0x03042EBE/0x032D9C90/0x0000002B:0x00000000
[00:43:31.151] [    info] [loader] Win32 LINEXE export entry loop count: 15
[00:43:31.151] [    info] [loader] Win32 LINEXE export compare count/EAX/ECX/EFLAGS: 0/0x00000000/0x00000000/0x00000000
[00:43:31.151] [    info] [loader] Win32 LINEXE export count load EDX/GS: 0x00000000/0x00000000
[00:43:31.151] [    info] [loader] Win32 LINEXE module candidate/match: 1/1
[00:43:31.151] [    info] [loader] Win32 LINEXE name pointer/byte instruction: 1/0
[00:43:31.151] [    info] [loader] Win32 LINEXE GS=0090h load count: 199
[00:43:31.151] [    info] [loader] Win32 LINEXE module selector stack value: 0x00000090
[00:43:31.151] [    info] [loader] Win32 LINEXE module/export stack pointer: 0x00000090:0x0000059A/0x00000000:0x00000000
[00:43:31.151] [    info] [loader] Win32 LINEXE export jump source ESP/module: 0x00000000/0x00000000:0x00000000
[00:43:31.151] [    info] [loader] Win32 LINEXE export jump target ESP/module: 0x035D6A64/0x00000090:0x0000059A
[00:43:31.151] [    info] [loader] Win32 LINEXE export name compare count/GS/EDI/ESI/bytes: 0/0x00000000/0x00000000/0x00000000/0x00000000/0x00000000
[00:43:31.151] [    info] [loader] Win32 LINEXE export name stage mask: 0x00000001
[00:43:31.151] [    info] [loader] Win32 LINEXE export entry name loaded offset/selector: 0x00000000/0x00000000
[00:43:31.151] [    info] [loader] Win32 LINEXE export result stores count/destination/value: 0/0x00000000/0x00000000
[00:43:31.151] [    info] [loader] Win32 LINEXE export value load selector/offset/value: 0x00000000/0x00000000/0x00000000
[00:43:31.151] [    info] [loader] Win32 LINEXE bridge entry/gate/target/service: 38/valid/0x00000080:0x00001B5A/5
[00:43:31.151] [    info] [loader] Win32 LINEXE bridge ESP/EBP: 0x035D69D8/0x035D69E4
[00:43:31.151] [    info] [loader] Win32 LINEXE bridge stack: 0x00000001 0x000000A4 0x000000AC 0x030F37B2 0x00000023 0x0000002B
[00:43:31.151] [    info] [loader] Win32 LINEXE bridge stack continued: 0x0383C6F4 0x0384CCF0 0x030FECE6 0x0383C67C 0x030F3418 0x00000001
[00:43:31.151] [    info] [loader] Win32 LINEXE bridge stack tail: 0x030FE492 0x035D6A10 0x00000000 0x00000000 0x0383E2D0 0x0384CCF0 0x0383C67C 0x035D6A38
[00:43:31.151] [    info] [loader] Win32 LINEXE bridge stack text #12: _GRDRAWTRIANGLE@12
[00:43:31.151] [    info] [loader] Win32 LINEXE bridge argument text: 
[00:43:31.151] [    info] [loader] Win32 LINEXE virtual module loads/handle: 1/0x00000001
[00:43:31.151] [    info] [loader] Win32 LINEXE get-proc count/name/result: 37/_GRDRAWTRIANGLE@12/0x0B5D0448
[00:43:31.151] [    info] [loader] Win32 Glide gate entries/handled/ESP: 327272/327271/0x035D6D9C
[00:43:31.151] [    info] [loader] Win32 Glide GL error policy per-call-check/frame-interval/frame-checks/frame-errors/first-code/drain-iterations: false/0/0/0/0x00000000/0
[00:43:31.151] [    info] [loader] Win32 Glide GL debug output installed/messages/errors/first-id: true/2/0/0x00000000
[00:43:31.151] [    info] [loader] Win32 Glide swap interval override requested/value/applied/effective: true/0/true/0
[00:43:31.151] [    info] [loader] Win32 Glide gate ordinal/name/argument bytes: 84/_GRBUFFERCLEAR@12/12
[00:43:31.151] [    info] [loader] Win32 Glide implementation issues unimplemented/unsupported/backend/abi/unique/overflow: 0/0/0/0/0/0
[00:43:31.151] [    info] [loader] Win32 Glide window opens/logical size: 1/640x480
[00:43:31.151] [    info] [loader] Win32 Glide backend message: Glide depth writes enabled
[00:43:31.151] [    info] [loader] Win32 Glide virtual texture bytes/max address: 8388608/0x007FFFF8
[00:43:31.151] [    info] [loader] Win32 Glide gate stack: 0x0305835F 0xFF000000 0x000000FF 0x0000FFFF 0x0000FFFF 0x035D6DE0 0x00000000 0x0383E2D0
[00:43:31.151] [    info] [loader] Win32 Glide texture gate trace count/wrapped: 2/false
[00:43:31.151] [    info] [loader] Win32 Glide texture gate trace #1 kind=min ordinal=44 entry-eip=0x0B5D0360 entry-esp=0x035D6B0C return-address=0x0304DBEB tmu=0 entry-eax=0x030FEDF9 return-eax=0x00000000 planned-return-esp=0x035D6B14
[00:43:31.151] [    info] [loader] Win32 Glide texture gate trace #2 kind=max ordinal=45 entry-eip=0x0B5D0368 entry-esp=0x035D6B0C return-address=0x0304DBF3 tmu=0 entry-eax=0x030FEDF4 return-eax=0x007FFFF8 planned-return-esp=0x035D6B14
[00:43:31.151] [    info] [loader] Win32 Glide first triangle vertex 0 pointer/readable/dwords: 0x0383C640/true/0x42A00000 0x43BDF800 0xA1A10000 0x50500100 0x08FF20FF 0x01010000 0x0101A1A1 0xA1A15251 0x3F800000 0x00000000 0x00000000 0x5E5EA3A2 0x08FF20FF 0x02020202 0xECECB4B4 0x43A7F800 0x43BDF800 0x03030202
[00:43:31.151] [    info] [loader] Win32 Glide first triangle vertex 1 pointer/readable/dwords: 0x0383C67C/true/0x43A7F800 0x43BDF800 0x03030202 0x4C4CECEC 0x03039A99 0x08FF20FF 0x03030303 0xF3F34C4C 0x3F800000 0x43800000 0x00000000 0x2020F3F3 0x7A7A9392 0x08FF20FF 0x05050404 0x43A7F800 0x42F80000 0x08FF20FF
[00:43:31.151] [    info] [loader] Win32 Glide first triangle vertex 2 pointer/readable/dwords: 0x0383C6F4/true/0x42A00000 0x42F80000 0x8D8D7271 0x08FF20FF 0x0C0C0B0B 0xADADA0A0 0x3F3F8F8E 0x08FF20FF 0x3F800000 0x00000000 0x43800000 0x08FF20FF 0x10100E0E 0x4E4E3333 0x5353D7D6 0x08FF20FF 0x13131010 0x03034E4E
[00:43:31.151] [    info] [loader] Win32 Glide call trace: ordinal=30 name=_GRGLIDEGETSTATE@4 count=1 first_stack=0x0305952A 0x0383E180 0x00000000 0x00000000 0x00000007 0x00000000 0x00000000 0x00000001
[00:43:31.151] [    info] [loader] Win32 Glide call trace: ordinal=31 name=_GRHINTS@8 count=1158 first_stack=0x0304EC2F 0x00000000 0x00000000 0x00000000 0x035D6DE8 0x00000000 0x0383E2D0 0x0383C640
[00:43:31.151] [    info] [loader] Win32 Glide call trace: ordinal=32 name=_GRGLIDEINIT@0 count=1 first_stack=0x03059883 0x00000000 0x00000000 0x00000000 0x00000000 0x00000000 0x00000000 0x00000000
[00:43:31.151] [    info] [loader] Win32 Glide call trace: ordinal=37 name=_GRSSTQUERYHARDWARE@4 count=1 first_stack=0x0305988D 0x032D9DA0 0x00000000 0x00000000 0x00000000 0x00000000 0x00000000 0x00000000
[00:43:31.151] [    info] [loader] Win32 Glide call trace: ordinal=38 name=_GRSSTSELECT@4 count=3 first_stack=0x030598A6 0x00000000 0x00000000 0x00000000 0x00000000 0x00000000 0x00000000 0x00000000
[00:43:31.151] [    info] [loader] Win32 Glide call trace: ordinal=39 name=_GRSSTSCREENWIDTH@0 count=1 first_stack=0x03059315 0x00000000 0x00000000 0x00000007 0x00000000 0x00000000 0x00000001 0x00000000
[00:43:31.151] [    info] [loader] Win32 Glide call trace: ordinal=40 name=_GRSSTSCREENHEIGHT@0 count=1 first_stack=0x03059320 0x00000000 0x00000000 0x00000007 0x00000000 0x00000000 0x00000001 0x00000000
[00:43:31.151] [    info] [loader] Win32 Glide call trace: ordinal=44 name=_GRTEXMINADDRESS@4 count=1 first_stack=0x0304DBEB 0x00000000 0x0383C640 0x00000000 0x0383C640 0x00000001 0x00000000 0x0383C640
[00:43:31.151] [    info] [loader] Win32 Glide call trace: ordinal=45 name=_GRTEXMAXADDRESS@4 count=1 first_stack=0x0304DBF3 0x00000000 0x0383C640 0x00000000 0x0383C640 0x00000001 0x00000000 0x0383C640
[00:43:31.151] [    info] [loader] Win32 Glide call trace: ordinal=46 name=_GRTEXTEXTUREMEMREQUIRED@8 count=34 first_stack=0x0304DF8F 0x00000003 0x041CEB9C 0x041CEB9C 0x0383C640 0x00002601 0x00000000 0x038B4580
[00:43:31.151] [    info] [loader] Win32 Glide call trace: ordinal=49 name=_GRTEXDOWNLOADMIPMAPLEVEL@32 count=41 first_stack=0x0304E016 0x00000000 0x00000000 0x00000005 0x00000005 0x00000003 0x0000000A 0x00000003
[00:43:31.151] [    info] [loader] Win32 Glide call trace: ordinal=73 name=_GRDRAWTRIANGLE@12 count=51492 first_stack=0x0304C97A 0x0383C640 0x0383C67C 0x0383C6F4 0x00000000 0x00000000 0x00000000 0x00000000
[00:43:31.151] [    info] [loader] Win32 Glide call trace: ordinal=79 name=_GRALPHABLENDFUNCTION@16 count=19683 first_stack=0x0304F4AD 0x00000004 0x00000000 0x00000004 0x00000000 0x0383E2D0 0x00000000 0x0383C640
[00:43:31.151] [    info] [loader] Win32 Glide call trace: ordinal=80 name=_GRALPHACOMBINE@20 count=1161 first_stack=0x0304F281 0x00000001 0x00000000 0x00000000 0x00000002 0x00000000 0x00000001 0x00000000
[00:43:31.151] [    info] [loader] Win32 Glide call trace: ordinal=82 name=_GRALPHATESTFUNCTION@4 count=19683 first_stack=0x0304F536 0x00000007 0x0383E2D0 0x00000000 0x0383C640 0x0304F7D6 0x0383E2D0 0x00000000
[00:43:31.151] [    info] [loader] Win32 Glide call trace: ordinal=84 name=_GRBUFFERCLEAR@12 count=1320 first_stack=0x0305835F 0x00000000 0x00000000 0x0000FFFF 0x0000FFFF 0x035D6DE8 0x00000000 0x0383E2D0
[00:43:31.151] [    info] [loader] Win32 Glide call trace: ordinal=85 name=_GRBUFFERSWAP@4 count=1314 first_stack=0x03059844 0x00000001 0x00000000 0x03255FB8 0x00000000 0x0302D2E0 0x3F800000 0x035D6E30
[00:43:31.151] [    info] [loader] Win32 Glide call trace: ordinal=86 name=_GRBUFFERNUMPENDING@0 count=1314 first_stack=0x0305984F 0x00000000 0x03255FB8 0x00000000 0x0302D2E0 0x3F800000 0x035D6E30 0x00000000
[00:43:31.151] [    info] [loader] Win32 Glide call trace: ordinal=89 name=_GRCLIPWINDOW@16 count=19683 first_stack=0x0304F7AF 0x00000000 0x00000000 0x00000280 0x000001E0 0x00000000 0x0383C640 0x00000001
[00:43:31.151] [    info] [loader] Win32 Glide call trace: ordinal=90 name=_GRCOLORCOMBINE@20 count=1161 first_stack=0x0304F28F 0x00000001 0x00000000 0x00000000 0x00000002 0x00000000 0x00000001 0x00000000
[00:43:31.151] [    info] [loader] Win32 Glide call trace: ordinal=91 name=_GRCOLORMASK@8 count=22323 first_stack=0x0305946B 0x00000001 0x00000000 0x00000000 0x00000000 0x00000007 0x00000000 0x00000000
[00:43:31.151] [    info] [loader] Win32 Glide call trace: ordinal=92 name=_GRCONSTANTCOLORVALUE@4 count=25098 first_stack=0x0304C96B 0x00FEFEFE 0x00000000 0x00000000 0x00000000 0x00000000 0x00000000 0x000004D0
[00:43:31.151] [    info] [loader] Win32 Glide call trace: ordinal=94 name=_GRCULLMODE@4 count=19683 first_stack=0x0304DB70 0x00000000 0x0383E2D0 0x00000000 0x0383C640 0x03058CCD 0x0383E2D0 0x0383E2D0
[00:43:31.151] [    info] [loader] Win32 Glide call trace: ordinal=96 name=_GRDEPTHBUFFERFUNCTION@4 count=19683 first_stack=0x0304F5B9 0x00000007 0x0383E2D0 0x00000000 0x0383C640 0x0304F7DD 0x0383E2D0 0x00000000
[00:43:31.151] [    info] [loader] Win32 Glide call trace: ordinal=97 name=_GRDEPTHBUFFERMODE@4 count=1 first_stack=0x030594A3 0x00000001 0x00000000 0x00000000 0x00000007 0x00000000 0x00000000 0x00000001
[00:43:31.151] [    info] [loader] Win32 Glide call trace: ordinal=98 name=_GRDEPTHMASK@4 count=21408 first_stack=0x0305949C 0x00000001 0x00000000 0x00000000 0x00000007 0x00000000 0x00000000 0x00000001
[00:43:31.151] [    info] [loader] Win32 Glide call trace: ordinal=100 name=_GRDITHERMODE@4 count=1163 first_stack=0x03058200 0x00000002 0x00000000 0x030CE126 0x035D6E30 0x00000000 0x00000000 0x038A5C80
[00:43:31.151] [    info] [loader] Win32 Glide call trace: ordinal=101 name=_GRFOGMODE@4 count=19690 first_stack=0x0304F73F 0x00000000 0x00000001 0x00000000 0x035D6B08 0x0383C640 0x0383E2D0 0x00000000
[00:43:31.151] [    info] [loader] Win32 Glide call trace: ordinal=105 name=_GRGLIDESETSTATE@4 count=1 first_stack=0x030597D6 0x0383E180 0x035D6E30 0x035D7C26 0x00000001 0x00000000 0x0383E2D0 0x030ECFB3
[00:43:31.151] [    info] [loader] Win32 Glide call trace: ordinal=106 name=_GRRENDERBUFFER@4 count=1 first_stack=0x03059491 0x00000001 0x00000000 0x00000000 0x00000007 0x00000000 0x00000000 0x00000001
[00:43:31.151] [    info] [loader] Win32 Glide call trace: ordinal=114 name=_GRLFBWRITECOLORFORMAT@4 count=1 first_stack=0x030594AA 0x00000001 0x00000000 0x00000000 0x00000007 0x00000000 0x00000000 0x00000001
[00:43:31.151] [    info] [loader] Win32 Glide call trace: ordinal=118 name=_GRSSTWINOPEN@28 count=1 first_stack=0x030592A7 0x00000000 0x00000007 0x00000000 0x00000001 0x00000001 0x00000002 0x00000001
[00:43:31.151] [    info] [loader] Win32 Glide call trace: ordinal=131 name=_GRTEXCLAMPMODE@12 count=20041 first_stack=0x0304EAC8 0x00000000 0x00000001 0x00000001 0x041CEAC8 0x0383C640 0x0383E2D0 0x038B4580
[00:43:31.151] [    info] [loader] Win32 Glide call trace: ordinal=132 name=_GRTEXCOMBINE@28 count=1 first_stack=0x0304EB69 0x00000000 0x00000001 0x00000000 0x00000001 0x00000000 0x00000000 0x00000000
[00:43:31.151] [    info] [loader] Win32 Glide call trace: ordinal=134 name=_GRTEXFILTERMODE@12 count=20041 first_stack=0x0304EADF 0x00000000 0x00000001 0x00000001 0x041CEAC8 0x0383C640 0x0383E2D0 0x038B4580
[00:43:31.151] [    info] [loader] Win32 Glide call trace: ordinal=136 name=_GRTEXMIPMAPMODE@12 count=20041 first_stack=0x0304EAF6 0x00000000 0x00000000 0x00000000 0x041CEAC8 0x0383C640 0x0383E2D0 0x038B4580
[00:43:31.152] [    info] [loader] Win32 Glide call trace: ordinal=138 name=_GRTEXSOURCE@16 count=20041 first_stack=0x0304EB13 0x00000000 0x00000000 0x00000003 0x041CEB9C 0x041CEAC8 0x0383C640 0x0383E2D0
[00:43:31.152] [    info] [loader] Win32 Glide setter census: ordinal=79 name=_GRALPHABLENDFUNCTION@16 calls=0 first=0 same=0 changed=0 failure=0 unsupported=0 key_overflow=0 distinct=0 distinct_overflow=0 max_run=0 max_frame_calls=0 max_frame_changes=0 elided=19680 applied=3
[00:43:31.152] [    info] [loader] Win32 Glide setter census: ordinal=82 name=_GRALPHATESTFUNCTION@4 calls=0 first=0 same=0 changed=0 failure=0 unsupported=0 key_overflow=0 distinct=0 distinct_overflow=0 max_run=0 max_frame_calls=0 max_frame_changes=0 elided=19681 applied=2
[00:43:31.152] [    info] [loader] Win32 Glide setter census: ordinal=89 name=_GRCLIPWINDOW@16 calls=0 first=0 same=0 changed=0 failure=0 unsupported=0 key_overflow=0 distinct=0 distinct_overflow=0 max_run=0 max_frame_calls=0 max_frame_changes=0 elided=19681 applied=2
[00:43:31.152] [    info] [loader] Win32 Glide setter census: ordinal=91 name=_GRCOLORMASK@8 calls=0 first=0 same=0 changed=0 failure=0 unsupported=0 key_overflow=0 distinct=0 distinct_overflow=0 max_run=0 max_frame_calls=0 max_frame_changes=0 elided=22320 applied=3
[00:43:31.152] [    info] [loader] Win32 Glide setter census: ordinal=94 name=_GRCULLMODE@4 calls=0 first=0 same=0 changed=0 failure=0 unsupported=0 key_overflow=0 distinct=0 distinct_overflow=0 max_run=0 max_frame_calls=0 max_frame_changes=0 elided=19681 applied=2
[00:43:31.152] [    info] [loader] Win32 Glide setter census: ordinal=96 name=_GRDEPTHBUFFERFUNCTION@4 calls=0 first=0 same=0 changed=0 failure=0 unsupported=0 key_overflow=0 distinct=0 distinct_overflow=0 max_run=0 max_frame_calls=0 max_frame_changes=0 elided=19681 applied=2
[00:43:31.152] [    info] [loader] Win32 Glide setter census: ordinal=101 name=_GRFOGMODE@4 calls=0 first=0 same=0 changed=0 failure=0 unsupported=0 key_overflow=0 distinct=0 distinct_overflow=0 max_run=0 max_frame_calls=0 max_frame_changes=0 elided=19688 applied=2
[00:43:31.152] [    info] [loader] Win32 MSCDEX available/audio/tracks/requests/current LBA: true/true/51/21/13302
[00:43:31.152] [    info] [loader] Win32 MSCDEX request ES/resolve kind/declines/reason/header: 0x00000100/2/0/0/0x00840016
[00:43:31.152] [    info] [loader] Win32 MSCDEX IOCTL last subfunction/handled/declared length/reject mask: 0x0000000B/true/7/0x00000000
[00:43:31.152] [    info] [loader] Win32 MSCDEX last play mode/start/length/seek target: 0/11867/1584/0
[00:43:31.152] [    info] [loader] Win32 LINEXE scan return EAX/EBP/caller EAX: 0x00000000/0x00000000/0x00000000
[00:43:31.152] [    info] [loader] Win32 LINEXE selector init results: 0x00000000 0x00000000 0x00000000
[00:43:31.152] [    info] [loader] Win32 DPMI selector allocations count/request/result: 3/1/0x000000B4
[00:43:31.152] [    info] [loader] Win32 LINEXE root selector EAX/GS: 0x00000000/0x00000000
[00:43:31.152] [    info] [loader] Win32 LINEXE shared segment loads entry/read: 8163/1
[00:43:31.152] [    info] [loader] Win32 LINEXE shared segment last selector/offset/value: 0x0000002B/0x035D6BF8/0x00000000
[00:43:31.152] [    info] [loader] Win32 LINEXE root word loads offset/selector: 0x00000000(0)/0x00000000(0)
[00:43:31.152] [    info] [loader] Win32 LINEXE export slot #0: 0x00801B28
[00:43:31.152] [    info] [loader] Win32 LINEXE export slot #1: 0x00801B43
[00:43:31.152] [    info] [loader] Win32 LINEXE export slot #2: 0x008026B9
[00:43:31.152] [    info] [loader] Win32 LINEXE export slot #3: 0x0080271F
[00:43:31.152] [    info] [loader] Win32 LINEXE export slot #4: 0x00801BAB
[00:43:31.152] [    info] [loader] Win32 LINEXE export slot #5: 0x00801B5A
[00:43:31.152] [    info] [loader] Win32 LINEXE export slot #6: 0x00801543
[00:43:31.152] [    info] [loader] Win32 LINEXE export slot #7: 0x00801609
[00:43:31.152] [    info] [loader] Win32 LINEXE selector words: 0x00008957 0x0000FFC8 0x0000A091 0x00000006
[00:43:31.152] [    info] [loader] Win32 DOS low memory valid: true
[00:43:31.152] [    info] [loader] Win32 DOS low memory bytes: 65536
[00:43:31.152] [    info] [loader] Win32 last single-step context captured: true
[00:43:31.152] [    info] [loader] Win32 last single-step EIP: 0x03042F80
[00:43:31.152] [    info] [loader] Win32 last single-step EAX: 0x0000004C
[00:43:31.152] [    info] [loader] Win32 last single-step EBX: 0x035D69E4
[00:43:31.152] [    info] [loader] Win32 last single-step ECX: 0x0383E2D0
[00:43:31.152] [    info] [loader] Win32 last single-step EDX: 0x0383D888
[00:43:31.152] [    info] [loader] Win32 last single-step ESI: 0x00000003
[00:43:31.152] [    info] [loader] Win32 last single-step EDI: 0x0383C640
[00:43:31.152] [    info] [loader] Win32 last single-step ESP: 0x035D698C
[00:43:31.152] [    info] [loader] Win32 last single-step EBP: 0x00000004
[00:43:31.152] [    info] [loader] Win32 last single-step EFLAGS: 0x00000346
[00:43:31.152] [    info] [loader] Win32 last single-step CS: 0x0023
[00:43:31.152] [    info] [loader] Win32 last single-step DS: 0x002B
[00:43:31.152] [    info] [loader] Win32 last single-step ES: 0x002B
[00:43:31.152] [    info] [loader] Win32 last single-step SS: 0x002B
[00:43:31.152] [    info] [loader] Win32 last single-step FS: 0x0053
[00:43:31.152] [    info] [loader] Win32 last single-step GS: 0x002B
[00:43:31.152] [    info] [loader] Win32 DOS environment block bytes: 3587
[00:43:31.152] [    info] [loader] Win32 DOS environment access observed: true
[00:43:31.152] [    info] [loader] Win32 last DOS environment read offset: 0x00000E01
[00:43:31.152] [    info] [loader] Win32 last DOS environment entry offset: 0x00000DF2
[00:43:31.152] [    info] [loader] Win32 last DOS environment entry: VSCODE_STABLE=<redacted>
[00:43:31.152] [    info] [loader] Win32 last DOS environment value bytes: 1
[00:43:31.152] [    info] [loader] Win32 guest stack switch supported: true
[00:43:31.152] [    info] [loader] Win32 guest stack switch attempted: true
[00:43:31.152] [    info] [loader] Win32 guest stack initial ESP: 0x035D6E60
[00:43:31.152] [    info] [loader] Win32 handled HLE trap count: 13163
[00:43:31.152] [    info] [loader] Win32 last handled HLE trap address: 0x030F5CCB
[00:43:31.152] [    info] [loader] Win32 last handled HLE trap opcode: 0xFB
[00:43:31.152] [    info] [loader] Win32 port I/O observation count: 26712
[00:43:31.152] [    info] [loader] Win32 last port I/O address: 0x030F5CC8
[00:43:31.152] [    info] [loader] Win32 last port I/O opcode: 0x00EE
[00:43:31.152] [    info] [loader] Win32 last port I/O direction: out
[00:43:31.152] [    info] [loader] Win32 last port I/O port: 0x0020
[00:43:31.152] [    info] [loader] Win32 last port I/O width: 1
[00:43:31.152] [    info] [loader] Win32 last port I/O value: 0x00000020
[00:43:31.152] [    info] [loader] Win32 last port I/O handled: true
[00:43:31.152] [    info] [loader] Win32 last port I/O result: emulated-pic-eoi
[00:43:31.152] [    info] [loader] Win32 port I/O trace stored count: 16
[00:43:31.152] [    info] [loader] Win32 port I/O trace limit reached: false
[00:43:31.152] [    info] [loader] Win32 port I/O trace #1 address=0x0303505F opcode=0x66EF direction=out port=0x02AC width=2 value=0x00000010 handled=true
[00:43:31.152] [    info] [loader] Win32 port I/O trace #2 address=0x030F5726 opcode=0x66EF direction=out port=0x02A0 width=2 value=0x00000001 handled=true
[00:43:31.152] [    info] [loader] Win32 port I/O trace #3 address=0x030F5726 opcode=0x66EF direction=out port=0x02A2 width=2 value=0x00000000 handled=true
[00:43:31.152] [    info] [loader] Win32 port I/O trace #4 address=0x030F5726 opcode=0x66EF direction=out port=0x02A0 width=2 value=0x00000005 handled=true
[00:43:31.152] [    info] [loader] Win32 port I/O trace #5 address=0x030F5726 opcode=0x66EF direction=out port=0x02A2 width=2 value=0x00000000 handled=true
[00:43:31.152] [    info] [loader] Win32 port I/O trace #6 address=0x030F5726 opcode=0x66EF direction=out port=0x02A0 width=2 value=0x00000009 handled=true
[00:43:31.152] [    info] [loader] Win32 port I/O trace #7 address=0x030F5726 opcode=0x66EF direction=out port=0x02A2 width=2 value=0x00000000 handled=true
[00:43:31.152] [    info] [loader] Win32 port I/O trace #8 address=0x030F5726 opcode=0x66EF direction=out port=0x02A0 width=2 value=0x0000000D handled=true
[00:43:31.152] [    info] [loader] Win32 port I/O trace #9 address=0x030F5726 opcode=0x66EF direction=out port=0x02A2 width=2 value=0x00000000 handled=true
[00:43:31.152] [    info] [loader] Win32 port I/O trace #10 address=0x030F5726 opcode=0x66EF direction=out port=0x02A0 width=2 value=0x00000011 handled=true
[00:43:31.152] [    info] [loader] Win32 port I/O trace #11 address=0x030F5726 opcode=0x66EF direction=out port=0x02A2 width=2 value=0x00000000 handled=true
[00:43:31.152] [    info] [loader] Win32 port I/O trace #12 address=0x030F5726 opcode=0x66EF direction=out port=0x02A0 width=2 value=0x00000015 handled=true
[00:43:31.152] [    info] [loader] Win32 port I/O trace #13 address=0x030F5726 opcode=0x66EF direction=out port=0x02A2 width=2 value=0x00000000 handled=true
[00:43:31.152] [    info] [loader] Win32 port I/O trace #14 address=0x030F5726 opcode=0x66EF direction=out port=0x02A0 width=2 value=0x00000019 handled=true
[00:43:31.152] [    info] [loader] Win32 port I/O trace #15 address=0x030F5726 opcode=0x66EF direction=out port=0x02A2 width=2 value=0x00000000 handled=true
[00:43:31.152] [    info] [loader] Win32 port I/O trace #16 address=0x030F5726 opcode=0x66EF direction=out port=0x02A0 width=2 value=0x0000001D handled=true
[00:43:31.152] [    info] [loader] Win32 DOS path trace stored count: 16
[00:43:31.152] [    info] [loader] Win32 DOS path trace limit reached: true
[00:43:31.152] [    info] [loader] Win32 DOS path trace #602 service=chdir result=success error=0x0000 drive=0x00 access=0x00 guest=C:\PIU virtual=\PIU host=E:\MYWORK\Projects\rePIU\build\runtime_mounts\pumpit1\PIU
[00:43:31.152] [    info] [loader] Win32 DOS path trace #603 service=chdir result=failure error=0x0003 drive=0x00 access=0x00 guest=C:\PIU\datas\texture virtual=\PIU\DATAS\TEXTURE host=E:\MYWORK\Projects\rePIU\build\runtime_mounts\pumpit1\PIU\DATAS\TEXTURE
[00:43:31.152] [    info] [loader] Win32 DOS path trace #604 service=chdir result=success error=0x0000 drive=0x00 access=0x00 guest=C:\PIU virtual=\PIU host=E:\MYWORK\Projects\rePIU\build\runtime_mounts\pumpit1\PIU
[00:43:31.152] [    info] [loader] Win32 DOS path trace #605 service=chdir result=failure error=0x0003 drive=0x00 access=0x00 guest=C:\PIU\datas\texture virtual=\PIU\DATAS\TEXTURE host=E:\MYWORK\Projects\rePIU\build\runtime_mounts\pumpit1\PIU\DATAS\TEXTURE
[00:43:31.152] [    info] [loader] Win32 DOS path trace #606 service=chdir result=success error=0x0000 drive=0x00 access=0x00 guest=C:\PIU virtual=\PIU host=E:\MYWORK\Projects\rePIU\build\runtime_mounts\pumpit1\PIU
[00:43:31.152] [    info] [loader] Win32 DOS path trace #607 service=chdir result=failure error=0x0003 drive=0x00 access=0x00 guest=C:\PIU\datas\texture virtual=\PIU\DATAS\TEXTURE host=E:\MYWORK\Projects\rePIU\build\runtime_mounts\pumpit1\PIU\DATAS\TEXTURE
[00:43:31.152] [    info] [loader] Win32 DOS path trace #608 service=chdir result=success error=0x0000 drive=0x00 access=0x00 guest=C:\PIU virtual=\PIU host=E:\MYWORK\Projects\rePIU\build\runtime_mounts\pumpit1\PIU
[00:43:31.152] [    info] [loader] Win32 DOS path trace #609 service=chdir result=failure error=0x0003 drive=0x00 access=0x00 guest=C:\PIU\datas\texture virtual=\PIU\DATAS\TEXTURE host=E:\MYWORK\Projects\rePIU\build\runtime_mounts\pumpit1\PIU\DATAS\TEXTURE
[00:43:31.152] [    info] [loader] Win32 DOS path trace #610 service=chdir result=success error=0x0000 drive=0x00 access=0x00 guest=C:\PIU virtual=\PIU host=E:\MYWORK\Projects\rePIU\build\runtime_mounts\pumpit1\PIU
[00:43:31.152] [    info] [loader] Win32 DOS path trace #611 service=chdir result=failure error=0x0003 drive=0x00 access=0x00 guest=C:\PIU\datas\texture virtual=\PIU\DATAS\TEXTURE host=E:\MYWORK\Projects\rePIU\build\runtime_mounts\pumpit1\PIU\DATAS\TEXTURE
[00:43:31.152] [    info] [loader] Win32 DOS path trace #612 service=chdir result=success error=0x0000 drive=0x00 access=0x00 guest=C:\PIU virtual=\PIU host=E:\MYWORK\Projects\rePIU\build\runtime_mounts\pumpit1\PIU
[00:43:31.152] [    info] [loader] Win32 DOS path trace #613 service=chdir result=failure error=0x0003 drive=0x00 access=0x00 guest=C:\PIU\datas\texture virtual=\PIU\DATAS\TEXTURE host=E:\MYWORK\Projects\rePIU\build\runtime_mounts\pumpit1\PIU\DATAS\TEXTURE
[00:43:31.152] [    info] [loader] Win32 DOS path trace #614 service=chdir result=success error=0x0000 drive=0x00 access=0x00 guest=C:\PIU virtual=\PIU host=E:\MYWORK\Projects\rePIU\build\runtime_mounts\pumpit1\PIU
[00:43:31.152] [    info] [loader] Win32 DOS path trace #615 service=chdir result=failure error=0x0003 drive=0x00 access=0x00 guest=C:\PIU\datas\texture virtual=\PIU\DATAS\TEXTURE host=E:\MYWORK\Projects\rePIU\build\runtime_mounts\pumpit1\PIU\DATAS\TEXTURE
[00:43:31.152] [    info] [loader] Win32 DOS path trace #616 service=chdir result=success error=0x0000 drive=0x00 access=0x00 guest=C:\PIU virtual=\PIU host=E:\MYWORK\Projects\rePIU\build\runtime_mounts\pumpit1\PIU
[00:43:31.152] [    info] [loader] Win32 DOS path trace #617 service=chdir result=success error=0x0000 drive=0x00 access=0x00 guest=C:\PIU virtual=\PIU host=E:\MYWORK\Projects\rePIU\build\runtime_mounts\pumpit1\PIU
[00:43:31.152] [    info] [loader] Win32 DOS file I/O trace observed/stored: 148/64
[00:43:31.152] [    info] [loader] Win32 DOS file I/O trace wrapped: true
[00:43:31.152] [    info] [loader] Win32 DOS file reads/host opens/reads per open: 76/34/2.24
[00:43:31.152] [    info] [loader] Win32 DOS file I/O #85 op=seek handle=0x0005 before=0x000011AC after=0x000011AC origin=0x01 offset=0 requested=0 actual=0 error=0x0000 eip=0x00000000 esp=0x00000000 stack=[0x00000000 0x00000000 0x00000000 0x00000000 0x00000000 0x00000000 0x00000000 0x00000000] prefix=[] path=E:\MYWORK\Projects\rePIU\build\runtime_mounts\pumpit1\PIU\DATAS\MODEL\T13.3DM
[00:43:31.152] [    info] [loader] Win32 DOS file I/O #86 op=seek handle=0x0005 before=0x000011AC after=0x000011AC origin=0x00 offset=4524 requested=0 actual=0 error=0x0000 eip=0x00000000 esp=0x00000000 stack=[0x00000000 0x00000000 0x00000000 0x00000000 0x00000000 0x00000000 0x00000000 0x00000000] prefix=[] path=E:\MYWORK\Projects\rePIU\build\runtime_mounts\pumpit1\PIU\DATAS\MODEL\T13.3DM
[00:43:31.152] [    info] [loader] Win32 DOS file I/O #87 op=read handle=0x0005 before=0x00000000 after=0x00001000 origin=0x00 offset=0 requested=4096 actual=4096 error=0x0000 eip=0x030F87B7 esp=0x035D6AF8 stack=[0x031A6426 0x030F5A60 0x00000000 0x00000000 0x00000004 0x00000004 0x030F5438 0x00000001] prefix=[2B 00 00 00 37 00 00 00 3C 00 00 00 04 00 00 00] path=E:\MYWORK\Projects\rePIU\build\runtime_mounts\pumpit1\PIU\DATAS\MODEL\T14.3DM
[00:43:31.152] [    info] [loader] Win32 DOS file I/O #88 op=read handle=0x0005 before=0x00001000 after=0x000010F4 origin=0x00 offset=0 requested=4096 actual=244 error=0x0000 eip=0x030F87B7 esp=0x035D6AF8 stack=[0x031A6426 0x030F5A60 0x0424A27C 0x00000048 0x0000000C 0x00000048 0x030F5438 0x00000001] prefix=[00 00 00 00 00 00 00 00 00 00 00 00 70 5F 74 30] path=E:\MYWORK\Projects\rePIU\build\runtime_mounts\pumpit1\PIU\DATAS\MODEL\T14.3DM
[00:43:31.152] [    info] [loader] Win32 DOS file I/O #89 op=seek handle=0x0005 before=0x000010F4 after=0x000010F4 origin=0x01 offset=0 requested=0 actual=0 error=0x0000 eip=0x00000000 esp=0x00000000 stack=[0x00000000 0x00000000 0x00000000 0x00000000 0x00000000 0x00000000 0x00000000 0x00000000] prefix=[] path=E:\MYWORK\Projects\rePIU\build\runtime_mounts\pumpit1\PIU\DATAS\MODEL\T14.3DM
[00:43:31.152] [    info] [loader] Win32 DOS file I/O #90 op=seek handle=0x0005 before=0x000010F4 after=0x000010F4 origin=0x00 offset=4340 requested=0 actual=0 error=0x0000 eip=0x00000000 esp=0x00000000 stack=[0x00000000 0x00000000 0x00000000 0x00000000 0x00000000 0x00000000 0x00000000 0x00000000] prefix=[] path=E:\MYWORK\Projects\rePIU\build\runtime_mounts\pumpit1\PIU\DATAS\MODEL\T14.3DM
[00:43:31.152] [    info] [loader] Win32 DOS file I/O #91 op=read handle=0x0005 before=0x00000000 after=0x00001000 origin=0x00 offset=0 requested=4096 actual=4096 error=0x0000 eip=0x030F87B7 esp=0x035D6AF8 stack=[0x031A6426 0x030F5A60 0x00000000 0x00000000 0x00000004 0x00000004 0x030F5438 0x00000001] prefix=[2D 00 00 00 3B 00 00 00 47 00 00 00 03 00 00 00] path=E:\MYWORK\Projects\rePIU\build\runtime_mounts\pumpit1\PIU\DATAS\MODEL\T15.3DM
[00:43:31.152] [    info] [loader] Win32 DOS file I/O #92 op=read handle=0x0005 before=0x00001000 after=0x00001218 origin=0x00 offset=0 requested=4096 actual=536 error=0x0000 eip=0x030F87B7 esp=0x035D6AF8 stack=[0x031A6426 0x030F5A60 0x0424B408 0x00000010 0x00000014 0x00000010 0x030F5438 0x00000001] prefix=[3A 00 00 00 37 00 00 00 46 00 00 00 46 00 00 00] path=E:\MYWORK\Projects\rePIU\build\runtime_mounts\pumpit1\PIU\DATAS\MODEL\T15.3DM
[00:43:31.152] [    info] [loader] Win32 DOS file I/O #93 op=seek handle=0x0005 before=0x00001218 after=0x00001218 origin=0x01 offset=0 requested=0 actual=0 error=0x0000 eip=0x00000000 esp=0x00000000 stack=[0x00000000 0x00000000 0x00000000 0x00000000 0x00000000 0x00000000 0x00000000 0x00000000] prefix=[] path=E:\MYWORK\Projects\rePIU\build\runtime_mounts\pumpit1\PIU\DATAS\MODEL\T15.3DM
[00:43:31.152] [    info] [loader] Win32 DOS file I/O #94 op=seek handle=0x0005 before=0x00001218 after=0x00001218 origin=0x00 offset=4632 requested=0 actual=0 error=0x0000 eip=0x00000000 esp=0x00000000 stack=[0x00000000 0x00000000 0x00000000 0x00000000 0x00000000 0x00000000 0x00000000 0x00000000] prefix=[] path=E:\MYWORK\Projects\rePIU\build\runtime_mounts\pumpit1\PIU\DATAS\MODEL\T15.3DM
[00:43:31.152] [    info] [loader] Win32 DOS file I/O #95 op=read handle=0x0005 before=0x00000000 after=0x00001000 origin=0x00 offset=0 requested=4096 actual=4096 error=0x0000 eip=0x030F87B7 esp=0x035D6AF8 stack=[0x031A6426 0x030F5A60 0x00000000 0x00000000 0x00000004 0x00000004 0x030F5438 0x00000001] prefix=[27 00 00 00 38 00 00 00 46 00 00 00 02 00 00 00] path=E:\MYWORK\Projects\rePIU\build\runtime_mounts\pumpit1\PIU\DATAS\MODEL\T16.3DM
[00:43:31.152] [    info] [loader] Win32 DOS file I/O #96 op=read handle=0x0005 before=0x00001000 after=0x00001090 origin=0x00 offset=0 requested=4096 actual=144 error=0x0000 eip=0x030F87B7 esp=0x035D6AF8 stack=[0x031A6426 0x030F5A60 0x0424C5F4 0x0000000C 0x00000048 0x0000000C 0x030F5438 0x00000001] prefix=[00 00 00 00 00 00 00 00 62 5F 77 00 00 00 00 00] path=E:\MYWORK\Projects\rePIU\build\runtime_mounts\pumpit1\PIU\DATAS\MODEL\T16.3DM
[00:43:31.152] [    info] [loader] Win32 DOS file I/O #97 op=seek handle=0x0005 before=0x00001090 after=0x00001090 origin=0x01 offset=0 requested=0 actual=0 error=0x0000 eip=0x00000000 esp=0x00000000 stack=[0x00000000 0x00000000 0x00000000 0x00000000 0x00000000 0x00000000 0x00000000 0x00000000] prefix=[] path=E:\MYWORK\Projects\rePIU\build\runtime_mounts\pumpit1\PIU\DATAS\MODEL\T16.3DM
[00:43:31.152] [    info] [loader] Win32 DOS file I/O #98 op=seek handle=0x0005 before=0x00001090 after=0x00001090 origin=0x00 offset=4240 requested=0 actual=0 error=0x0000 eip=0x00000000 esp=0x00000000 stack=[0x00000000 0x00000000 0x00000000 0x00000000 0x00000000 0x00000000 0x00000000 0x00000000] prefix=[] path=E:\MYWORK\Projects\rePIU\build\runtime_mounts\pumpit1\PIU\DATAS\MODEL\T16.3DM
[00:43:31.152] [    info] [loader] Win32 DOS file I/O #99 op=read handle=0x0005 before=0x00000000 after=0x00001000 origin=0x00 offset=0 requested=4096 actual=4096 error=0x0000 eip=0x030F87B7 esp=0x035D6AF8 stack=[0x031A6426 0x030F5A60 0x00000000 0x00000000 0x00000004 0x00000004 0x030F5438 0x00000001] prefix=[23 00 00 00 32 00 00 00 45 00 00 00 02 00 00 00] path=E:\MYWORK\Projects\rePIU\build\runtime_mounts\pumpit1\PIU\DATAS\MODEL\T17.3DM
[00:43:31.153] [    info] [loader] Win32 DOS file I/O #100 op=read handle=0x0005 before=0x00001000 after=0x0000100C origin=0x00 offset=0 requested=4096 actual=12 error=0x0000 eip=0x030F87B7 esp=0x035D6AF8 stack=[0x031A6426 0x030F5A60 0x0424D6E4 0x0000003C 0x00000004 0x0000003C 0x030F5438 0x00000001] prefix=[00 00 00 00 1E 00 00 00 14 00 00 00] path=E:\MYWORK\Projects\rePIU\build\runtime_mounts\pumpit1\PIU\DATAS\MODEL\T17.3DM
[00:43:31.153] [    info] [loader] Win32 DOS file I/O #101 op=seek handle=0x0005 before=0x0000100C after=0x0000100C origin=0x01 offset=0 requested=0 actual=0 error=0x0000 eip=0x00000000 esp=0x00000000 stack=[0x00000000 0x00000000 0x00000000 0x00000000 0x00000000 0x00000000 0x00000000 0x00000000] prefix=[] path=E:\MYWORK\Projects\rePIU\build\runtime_mounts\pumpit1\PIU\DATAS\MODEL\T17.3DM
[00:43:31.153] [    info] [loader] Win32 DOS file I/O #102 op=seek handle=0x0005 before=0x0000100C after=0x0000100C origin=0x00 offset=4108 requested=0 actual=0 error=0x0000 eip=0x00000000 esp=0x00000000 stack=[0x00000000 0x00000000 0x00000000 0x00000000 0x00000000 0x00000000 0x00000000 0x00000000] prefix=[] path=E:\MYWORK\Projects\rePIU\build\runtime_mounts\pumpit1\PIU\DATAS\MODEL\T17.3DM
[00:43:31.153] [    info] [loader] Win32 DOS file I/O #103 op=read handle=0x0005 before=0x00000000 after=0x00000B5C origin=0x00 offset=0 requested=4096 actual=2908 error=0x0000 eip=0x030F87B7 esp=0x035D6AF8 stack=[0x031A6426 0x030F5A60 0x00000000 0x00000000 0x00000004 0x00000004 0x030F5438 0x00000001] prefix=[1E 00 00 00 27 00 00 00 2D 00 00 00 02 00 00 00] path=E:\MYWORK\Projects\rePIU\build\runtime_mounts\pumpit1\PIU\DATAS\MODEL\T18.3DM
[00:43:31.153] [    info] [loader] Win32 DOS file I/O #104 op=seek handle=0x0005 before=0x00000B5C after=0x00000B5C origin=0x01 offset=0 requested=0 actual=0 error=0x0000 eip=0x00000000 esp=0x00000000 stack=[0x00000000 0x00000000 0x00000000 0x00000000 0x00000000 0x00000000 0x00000000 0x00000000] prefix=[] path=E:\MYWORK\Projects\rePIU\build\runtime_mounts\pumpit1\PIU\DATAS\MODEL\T18.3DM
[00:43:31.153] [    info] [loader] Win32 DOS file I/O #105 op=seek handle=0x0005 before=0x00000B5C after=0x00000B5C origin=0x00 offset=2908 requested=0 actual=0 error=0x0000 eip=0x00000000 esp=0x00000000 stack=[0x00000000 0x00000000 0x00000000 0x00000000 0x00000000 0x00000000 0x00000000 0x00000000] prefix=[] path=E:\MYWORK\Projects\rePIU\build\runtime_mounts\pumpit1\PIU\DATAS\MODEL\T18.3DM
[00:43:31.153] [    info] [loader] Win32 DOS file I/O #106 op=read handle=0x0005 before=0x00000000 after=0x000006EC origin=0x00 offset=0 requested=4096 actual=1772 error=0x0000 eip=0x030F87B7 esp=0x035D6AF8 stack=[0x031A6426 0x030F5A60 0x00000000 0x00000000 0x00000004 0x00000004 0x030F5438 0x00000001] prefix=[0F 00 00 00 15 00 00 00 1E 00 00 00 01 00 00 00] path=E:\MYWORK\Projects\rePIU\build\runtime_mounts\pumpit1\PIU\DATAS\MODEL\T19.3DM
[00:43:31.153] [    info] [loader] Win32 DOS file I/O #107 op=seek handle=0x0005 before=0x000006EC after=0x000006EC origin=0x01 offset=0 requested=0 actual=0 error=0x0000 eip=0x00000000 esp=0x00000000 stack=[0x00000000 0x00000000 0x00000000 0x00000000 0x00000000 0x00000000 0x00000000 0x00000000] prefix=[] path=E:\MYWORK\Projects\rePIU\build\runtime_mounts\pumpit1\PIU\DATAS\MODEL\T19.3DM
[00:43:31.153] [    info] [loader] Win32 DOS file I/O #108 op=seek handle=0x0005 before=0x000006EC after=0x000006EC origin=0x00 offset=1772 requested=0 actual=0 error=0x0000 eip=0x00000000 esp=0x00000000 stack=[0x00000000 0x00000000 0x00000000 0x00000000 0x00000000 0x00000000 0x00000000 0x00000000] prefix=[] path=E:\MYWORK\Projects\rePIU\build\runtime_mounts\pumpit1\PIU\DATAS\MODEL\T19.3DM
[00:43:31.153] [    info] [loader] Win32 DOS file I/O #109 op=read handle=0x0005 before=0x00000000 after=0x00001000 origin=0x00 offset=0 requested=4096 actual=4096 error=0x0000 eip=0x030F87B7 esp=0x035D6AF8 stack=[0x031A6426 0x030F5A60 0x00000000 0x00000000 0x00000002 0x00000002 0x030F5438 0x00000001] prefix=[F3 01 C5 C0 04 C4 D1 11 07 42 8C 5B 80 C1 96 CA] path=E:\MYWORK\Projects\rePIU\build\runtime_mounts\pumpit1\PIU\DATAS\MODEL\NONSTOP.CAM
[00:43:31.153] [    info] [loader] Win32 DOS file I/O #110 op=read handle=0x0005 before=0x00001000 after=0x00002000 origin=0x00 offset=0 requested=4096 actual=4096 error=0x0000 eip=0x030F87B7 esp=0x035D6AF8 stack=[0x031A6426 0x030F5A60 0x03270356 0x0000000E 0x0000000A 0x0000000E 0x030F5438 0x00000001] prefix=[A3 C3 FB 7A B5 42 B2 2E A2 C0 1B 2E 70 C3 67 75] path=E:\MYWORK\Projects\rePIU\build\runtime_mounts\pumpit1\PIU\DATAS\MODEL\NONSTOP.CAM
[00:43:31.153] [    info] [loader] Win32 DOS file I/O #111 op=read handle=0x0005 before=0x00002000 after=0x00002ECA origin=0x00 offset=0 requested=4096 actual=3786 error=0x0000 eip=0x030F87B7 esp=0x035D6AF8 stack=[0x031A6426 0x030F5A60 0x03271356 0x00000006 0x00000012 0x00000006 0x030F5438 0x00000001] prefix=[0A C2 B3 3B 98 42 91 96 E0 43 47 72 3D C0 2C 34] path=E:\MYWORK\Projects\rePIU\build\runtime_mounts\pumpit1\PIU\DATAS\MODEL\NONSTOP.CAM
[00:43:31.153] [    info] [loader] Win32 DOS file I/O #112 op=seek handle=0x0005 before=0x00002ECA after=0x00002ECA origin=0x01 offset=0 requested=0 actual=0 error=0x0000 eip=0x00000000 esp=0x00000000 stack=[0x00000000 0x00000000 0x00000000 0x00000000 0x00000000 0x00000000 0x00000000 0x00000000] prefix=[] path=E:\MYWORK\Projects\rePIU\build\runtime_mounts\pumpit1\PIU\DATAS\MODEL\NONSTOP.CAM
[00:43:31.153] [    info] [loader] Win32 DOS file I/O #113 op=seek handle=0x0005 before=0x00002ECA after=0x00002ECA origin=0x00 offset=11978 requested=0 actual=0 error=0x0000 eip=0x00000000 esp=0x00000000 stack=[0x00000000 0x00000000 0x00000000 0x00000000 0x00000000 0x00000000 0x00000000 0x00000000] prefix=[] path=E:\MYWORK\Projects\rePIU\build\runtime_mounts\pumpit1\PIU\DATAS\MODEL\NONSTOP.CAM
[00:43:31.153] [    info] [loader] Win32 DOS file I/O #114 op=read handle=0x0005 before=0x00000000 after=0x00001000 origin=0x00 offset=0 requested=4096 actual=4096 error=0x0000 eip=0x030F87B7 esp=0x035D6CAC stack=[0x031A6426 0x030F5A60 0x00000000 0x00000000 0x00000004 0x00000004 0x030F5438 0x00000004] prefix=[42 47 41 00 78 00 00 00 00 00 00 00 00 00 00 00] path=E:\MYWORK\Projects\rePIU\build\runtime_mounts\pumpit1\PIU\DATAS\BGA\GAMEVIEW.BGA
[00:43:31.153] [    info] [loader] Win32 DOS file I/O #115 op=read handle=0x0005 before=0x00001000 after=0x00001710 origin=0x00 offset=0 requested=4096 actual=1808 error=0x0000 eip=0x030F87B7 esp=0x035D6CAC stack=[0x031A6426 0x030F5A60 0x03769C40 0x00000070 0x000000C4 0x00000070 0x030F5438 0x0000002C] prefix=[00 00 00 00 00 00 80 3F 00 00 80 3F 00 00 80 3F] path=E:\MYWORK\Projects\rePIU\build\runtime_mounts\pumpit1\PIU\DATAS\BGA\GAMEVIEW.BGA
[00:43:31.153] [    info] [loader] Win32 DOS file I/O #116 op=seek handle=0x0005 before=0x00001710 after=0x00001710 origin=0x01 offset=0 requested=0 actual=0 error=0x0000 eip=0x00000000 esp=0x00000000 stack=[0x00000000 0x00000000 0x00000000 0x00000000 0x00000000 0x00000000 0x00000000 0x00000000] prefix=[] path=E:\MYWORK\Projects\rePIU\build\runtime_mounts\pumpit1\PIU\DATAS\BGA\GAMEVIEW.BGA
[00:43:31.153] [    info] [loader] Win32 DOS file I/O #117 op=seek handle=0x0005 before=0x00001710 after=0x00001710 origin=0x00 offset=5904 requested=0 actual=0 error=0x0000 eip=0x00000000 esp=0x00000000 stack=[0x00000000 0x00000000 0x00000000 0x00000000 0x00000000 0x00000000 0x00000000 0x00000000] prefix=[] path=E:\MYWORK\Projects\rePIU\build\runtime_mounts\pumpit1\PIU\DATAS\BGA\GAMEVIEW.BGA
[00:43:31.153] [    info] [loader] Win32 DOS file I/O #118 op=read handle=0x0005 before=0x00000000 after=0x00001000 origin=0x00 offset=0 requested=4096 actual=4096 error=0x0000 eip=0x030F87B7 esp=0x035D6DA8 stack=[0x031A6426 0x030F5A60 0x00000000 0x00000000 0x00000004 0x00000004 0x030F5438 0x00000004] prefix=[42 47 41 00 3C 00 00 00 00 00 00 00 00 00 00 00] path=E:\MYWORK\Projects\rePIU\build\runtime_mounts\pumpit1\PIU\DATAS\BGA\ANDAMIRO.BGA
[00:43:31.153] [    info] [loader] Win32 DOS file I/O #119 op=read handle=0x0005 before=0x00001000 after=0x00001030 origin=0x00 offset=0 requested=4096 actual=48 error=0x0000 eip=0x030F87B7 esp=0x035D6DA8 stack=[0x031A6426 0x030F5A60 0x03257070 0x00000014 0x0000002C 0x00000014 0x030F5438 0x00000040] prefix=[00 00 00 00 00 00 00 00 00 00 00 00 00 00 00 00] path=E:\MYWORK\Projects\rePIU\build\runtime_mounts\pumpit1\PIU\DATAS\BGA\ANDAMIRO.BGA
[00:43:31.153] [    info] [loader] Win32 DOS file I/O #120 op=seek handle=0x0005 before=0x00001030 after=0x00001030 origin=0x01 offset=0 requested=0 actual=0 error=0x0000 eip=0x00000000 esp=0x00000000 stack=[0x00000000 0x00000000 0x00000000 0x00000000 0x00000000 0x00000000 0x00000000 0x00000000] prefix=[] path=E:\MYWORK\Projects\rePIU\build\runtime_mounts\pumpit1\PIU\DATAS\BGA\ANDAMIRO.BGA
[00:43:31.153] [    info] [loader] Win32 DOS file I/O #121 op=seek handle=0x0005 before=0x00001030 after=0x00001030 origin=0x00 offset=4144 requested=0 actual=0 error=0x0000 eip=0x00000000 esp=0x00000000 stack=[0x00000000 0x00000000 0x00000000 0x00000000 0x00000000 0x00000000 0x00000000 0x00000000] prefix=[] path=E:\MYWORK\Projects\rePIU\build\runtime_mounts\pumpit1\PIU\DATAS\BGA\ANDAMIRO.BGA
[00:43:31.153] [    info] [loader] Win32 DOS file I/O #122 op=read handle=0x0005 before=0x00000000 after=0x00001000 origin=0x00 offset=0 requested=4096 actual=4096 error=0x0000 eip=0x030F87B7 esp=0x035D6DA4 stack=[0x031A6426 0x030F5A60 0x00000000 0x00000000 0x00000004 0x00000004 0x030F5438 0x00000004] prefix=[42 47 41 00 78 00 00 00 00 00 00 00 00 00 00 00] path=E:\MYWORK\Projects\rePIU\build\runtime_mounts\pumpit1\PIU\DATAS\BGA\START.BGA
[00:43:31.153] [    info] [loader] Win32 DOS file I/O #123 op=read handle=0x0005 before=0x00001000 after=0x00001164 origin=0x00 offset=0 requested=4096 actual=356 error=0x0000 eip=0x030F87B7 esp=0x035D6DA4 stack=[0x031A6426 0x030F5A60 0x03256E74 0x00000034 0x0000000C 0x00000034 0x030F5438 0x00000040] prefix=[00 00 00 00 00 00 00 00 00 00 00 00 00 00 00 00] path=E:\MYWORK\Projects\rePIU\build\runtime_mounts\pumpit1\PIU\DATAS\BGA\START.BGA
[00:43:31.153] [    info] [loader] Win32 DOS file I/O #124 op=seek handle=0x0005 before=0x00001164 after=0x00001164 origin=0x01 offset=0 requested=0 actual=0 error=0x0000 eip=0x00000000 esp=0x00000000 stack=[0x00000000 0x00000000 0x00000000 0x00000000 0x00000000 0x00000000 0x00000000 0x00000000] prefix=[] path=E:\MYWORK\Projects\rePIU\build\runtime_mounts\pumpit1\PIU\DATAS\BGA\START.BGA
[00:43:31.153] [    info] [loader] Win32 DOS file I/O #125 op=seek handle=0x0005 before=0x00001164 after=0x00001164 origin=0x00 offset=4452 requested=0 actual=0 error=0x0000 eip=0x00000000 esp=0x00000000 stack=[0x00000000 0x00000000 0x00000000 0x00000000 0x00000000 0x00000000 0x00000000 0x00000000] prefix=[] path=E:\MYWORK\Projects\rePIU\build\runtime_mounts\pumpit1\PIU\DATAS\BGA\START.BGA
[00:43:31.153] [    info] [loader] Win32 DOS file I/O #126 op=read handle=0x0005 before=0x00000000 after=0x00001000 origin=0x00 offset=0 requested=4096 actual=4096 error=0x0000 eip=0x030F87B7 esp=0x035D6DA4 stack=[0x031A6426 0x030F5A60 0x00000000 0x00000000 0x00000004 0x00000004 0x030F5438 0x00000004] prefix=[42 47 41 00 3C 00 00 00 04 00 00 00 03 00 00 00] path=E:\MYWORK\Projects\rePIU\build\runtime_mounts\pumpit1\PIU\DATAS\BGA\HELP.BGA
[00:43:31.153] [    info] [loader] Win32 DOS file I/O #127 op=read handle=0x0005 before=0x00001000 after=0x00002000 origin=0x00 offset=0 requested=4096 actual=4096 error=0x0000 eip=0x030F87B7 esp=0x035D6DA4 stack=[0x031A6426 0x030F5A60 0x03256600 0x00000030 0x00000010 0x00000030 0x030F5438 0x00000040] prefix=[00 00 00 00 00 00 00 00 00 00 00 00 00 00 00 00] path=E:\MYWORK\Projects\rePIU\build\runtime_mounts\pumpit1\PIU\DATAS\BGA\HELP.BGA
[00:43:31.153] [    info] [loader] Win32 DOS file I/O #128 op=read handle=0x0005 before=0x00002000 after=0x00002688 origin=0x00 offset=0 requested=4096 actual=1672 error=0x0000 eip=0x030F87B7 esp=0x035D6DA4 stack=[0x031A6426 0x030F5A60 0x037B4454 0x000000F8 0x00000094 0x000000F8 0x030F5438 0x0000002C] prefix=[00 00 80 3F 00 00 80 3F 00 00 80 3F 00 00 80 3F] path=E:\MYWORK\Projects\rePIU\build\runtime_mounts\pumpit1\PIU\DATAS\BGA\HELP.BGA
[00:43:31.153] [    info] [loader] Win32 DOS file I/O #129 op=seek handle=0x0005 before=0x00002688 after=0x00002688 origin=0x01 offset=0 requested=0 actual=0 error=0x0000 eip=0x00000000 esp=0x00000000 stack=[0x00000000 0x00000000 0x00000000 0x00000000 0x00000000 0x00000000 0x00000000 0x00000000] prefix=[] path=E:\MYWORK\Projects\rePIU\build\runtime_mounts\pumpit1\PIU\DATAS\BGA\HELP.BGA
[00:43:31.153] [    info] [loader] Win32 DOS file I/O #130 op=seek handle=0x0005 before=0x00002688 after=0x00002688 origin=0x00 offset=9864 requested=0 actual=0 error=0x0000 eip=0x00000000 esp=0x00000000 stack=[0x00000000 0x00000000 0x00000000 0x00000000 0x00000000 0x00000000 0x00000000 0x00000000] prefix=[] path=E:\MYWORK\Projects\rePIU\build\runtime_mounts\pumpit1\PIU\DATAS\BGA\HELP.BGA
[00:43:31.154] [    info] [loader] Win32 DOS file I/O #131 op=read handle=0x0005 before=0x00000000 after=0x00001000 origin=0x00 offset=0 requested=4096 actual=4096 error=0x0000 eip=0x030F87B7 esp=0x035D6DA4 stack=[0x031A6426 0x030F5A60 0x00000000 0x00000000 0x00000004 0x00000004 0x030F5438 0x00000004] prefix=[42 47 41 00 78 00 00 00 00 00 00 00 00 00 00 00] path=E:\MYWORK\Projects\rePIU\build\runtime_mounts\pumpit1\PIU\DATAS\BGA\MODE.BGA
[00:43:31.154] [    info] [loader] Win32 DOS file I/O #132 op=read handle=0x0005 before=0x00001000 after=0x00002000 origin=0x00 offset=0 requested=4096 actual=4096 error=0x0000 eip=0x030F87B7 esp=0x035D6DA4 stack=[0x031A6426 0x030F5A60 0x032568FC 0x00000038 0x00000008 0x00000038 0x030F5438 0x00000040] prefix=[00 00 00 00 00 00 00 00 05 00 00 00 78 00 00 00] path=E:\MYWORK\Projects\rePIU\build\runtime_mounts\pumpit1\PIU\DATAS\BGA\MODE.BGA
[00:43:31.154] [    info] [loader] Win32 DOS file I/O #133 op=read handle=0x0005 before=0x00002000 after=0x00003000 origin=0x00 offset=0 requested=4096 actual=4096 error=0x0000 eip=0x030F87B7 esp=0x035D6DA4 stack=[0x031A6426 0x030F5A60 0x037B4740 0x00000360 0x00000748 0x00000360 0x030F5438 0x0000002C] prefix=[00 00 80 3F 00 00 80 3F 00 00 80 3F 00 00 80 3F] path=E:\MYWORK\Projects\rePIU\build\runtime_mounts\pumpit1\PIU\DATAS\BGA\MODE.BGA
[00:43:31.154] [    info] [loader] Win32 DOS file I/O #134 op=read handle=0x0005 before=0x00003000 after=0x00004000 origin=0x00 offset=0 requested=4096 actual=4096 error=0x0000 eip=0x030F87B7 esp=0x035D6DA4 stack=[0x031A6426 0x030F5A60 0x037B56FC 0x00000874 0x00000234 0x00000874 0x030F5438 0x0000002C] prefix=[00 00 66 43 00 00 00 43 00 00 00 43 00 00 80 3F] path=E:\MYWORK\Projects\rePIU\build\runtime_mounts\pumpit1\PIU\DATAS\BGA\MODE.BGA
[00:43:31.154] [    info] [loader] Win32 DOS file I/O #135 op=read handle=0x0005 before=0x00004000 after=0x00005000 origin=0x00 offset=0 requested=4096 actual=4096 error=0x0000 eip=0x030F87B7 esp=0x035D6DA4 stack=[0x031A6426 0x030F5A60 0x037B6674 0x0000029C 0x0000080C 0x0000029C 0x030F5438 0x0000002C] prefix=[00 00 66 43 00 00 00 43 00 00 00 43 0A D7 83 3F] path=E:\MYWORK\Projects\rePIU\build\runtime_mounts\pumpit1\PIU\DATAS\BGA\MODE.BGA
[00:43:31.154] [    info] [loader] Win32 DOS file I/O #136 op=read handle=0x0005 before=0x00005000 after=0x000053BC origin=0x00 offset=0 requested=4096 actual=956 error=0x0000 eip=0x030F87B7 esp=0x035D6DA4 stack=[0x031A6426 0x030F5A60 0x037B7410 0x00000328 0x00000200 0x00000328 0x030F5438 0x0000002C] prefix=[00 00 00 00 00 00 80 3F 00 00 00 00 00 00 80 3F] path=E:\MYWORK\Projects\rePIU\build\runtime_mounts\pumpit1\PIU\DATAS\BGA\MODE.BGA
[00:43:31.154] [    info] [loader] Win32 DOS file I/O #137 op=seek handle=0x0005 before=0x000053BC after=0x000053BC origin=0x01 offset=0 requested=0 actual=0 error=0x0000 eip=0x00000000 esp=0x00000000 stack=[0x00000000 0x00000000 0x00000000 0x00000000 0x00000000 0x00000000 0x00000000 0x00000000] prefix=[] path=E:\MYWORK\Projects\rePIU\build\runtime_mounts\pumpit1\PIU\DATAS\BGA\MODE.BGA
[00:43:31.154] [    info] [loader] Win32 DOS file I/O #138 op=seek handle=0x0005 before=0x000053BC after=0x000053BC origin=0x00 offset=21436 requested=0 actual=0 error=0x0000 eip=0x00000000 esp=0x00000000 stack=[0x00000000 0x00000000 0x00000000 0x00000000 0x00000000 0x00000000 0x00000000 0x00000000] prefix=[] path=E:\MYWORK\Projects\rePIU\build\runtime_mounts\pumpit1\PIU\DATAS\BGA\MODE.BGA
[00:43:31.154] [    info] [loader] Win32 DOS file I/O #139 op=read handle=0x0005 before=0x00000000 after=0x00001000 origin=0x00 offset=0 requested=4096 actual=4096 error=0x0000 eip=0x030F87B7 esp=0x035D6D4C stack=[0x031A6426 0x030F5A60 0x00000000 0x00000000 0x00000004 0x00000004 0x030F5438 0x00000004] prefix=[42 47 41 00 78 00 00 00 00 00 00 00 00 00 00 00] path=E:\MYWORK\Projects\rePIU\build\runtime_mounts\pumpit1\PIU\DATAS\BGA\CDSEL.BGA
[00:43:31.154] [    info] [loader] Win32 DOS file I/O #140 op=read handle=0x0005 before=0x00001000 after=0x00002000 origin=0x00 offset=0 requested=4096 actual=4096 error=0x0000 eip=0x030F87B7 esp=0x035D6D4C stack=[0x031A6426 0x030F5A60 0x0329C8F8 0x0000001C 0x00000024 0x0000001C 0x030F5438 0x00000040] prefix=[00 00 00 00 00 00 00 00 00 00 00 00 00 00 00 00] path=E:\MYWORK\Projects\rePIU\build\runtime_mounts\pumpit1\PIU\DATAS\BGA\CDSEL.BGA
[00:43:31.154] [    info] [loader] Win32 DOS file I/O #141 op=read handle=0x0005 before=0x00002000 after=0x00002370 origin=0x00 offset=0 requested=4096 actual=880 error=0x0000 eip=0x030F87B7 esp=0x035D6D4C stack=[0x031A6426 0x030F5A60 0x0329CEC8 0x00000004 0x0000003C 0x00000004 0x030F5438 0x00000040] prefix=[00 00 00 00 00 00 00 00 00 00 00 00 00 00 00 00] path=E:\MYWORK\Projects\rePIU\build\runtime_mounts\pumpit1\PIU\DATAS\BGA\CDSEL.BGA
[00:43:31.154] [    info] [loader] Win32 DOS file I/O #142 op=seek handle=0x0005 before=0x00002370 after=0x00002370 origin=0x01 offset=0 requested=0 actual=0 error=0x0000 eip=0x00000000 esp=0x00000000 stack=[0x00000000 0x00000000 0x00000000 0x00000000 0x00000000 0x00000000 0x00000000 0x00000000] prefix=[] path=E:\MYWORK\Projects\rePIU\build\runtime_mounts\pumpit1\PIU\DATAS\BGA\CDSEL.BGA
[00:43:31.154] [    info] [loader] Win32 DOS file I/O #143 op=seek handle=0x0005 before=0x00002370 after=0x00002370 origin=0x00 offset=9072 requested=0 actual=0 error=0x0000 eip=0x00000000 esp=0x00000000 stack=[0x00000000 0x00000000 0x00000000 0x00000000 0x00000000 0x00000000 0x00000000 0x00000000] prefix=[] path=E:\MYWORK\Projects\rePIU\build\runtime_mounts\pumpit1\PIU\DATAS\BGA\CDSEL.BGA
[00:43:31.154] [    info] [loader] Win32 DOS file I/O #144 op=read handle=0x0005 before=0x00000000 after=0x00001000 origin=0x00 offset=0 requested=4096 actual=4096 error=0x0000 eip=0x030F87B7 esp=0x035D6D4C stack=[0x031A6426 0x030F5A60 0x00000000 0x00000000 0x00000004 0x00000004 0x030F5438 0x00000004] prefix=[42 47 41 00 3C 00 00 00 00 00 00 00 00 00 00 00] path=E:\MYWORK\Projects\rePIU\build\runtime_mounts\pumpit1\PIU\DATAS\BGA\MUSIC.BGA
[00:43:31.154] [    info] [loader] Win32 DOS file I/O #145 op=read handle=0x0005 before=0x00001000 after=0x00002000 origin=0x00 offset=0 requested=4096 actual=4096 error=0x0000 eip=0x030F87B7 esp=0x035D6D4C stack=[0x031A6426 0x030F5A60 0x03256728 0x00000014 0x0000002C 0x00000014 0x030F5438 0x00000040] prefix=[00 00 00 00 00 00 00 00 00 00 00 00 00 00 00 00] path=E:\MYWORK\Projects\rePIU\build\runtime_mounts\pumpit1\PIU\DATAS\BGA\MUSIC.BGA
[00:43:31.154] [    info] [loader] Win32 DOS file I/O #146 op=read handle=0x0005 before=0x00002000 after=0x0000218C origin=0x00 offset=0 requested=4096 actual=396 error=0x0000 eip=0x030F87B7 esp=0x035D6D4C stack=[0x031A6426 0x030F5A60 0x037B4410 0x000000B4 0x00000028 0x000000B4 0x030F5438 0x0000002C] prefix=[00 00 20 41 00 00 40 C0 00 00 00 00 00 00 00 00] path=E:\MYWORK\Projects\rePIU\build\runtime_mounts\pumpit1\PIU\DATAS\BGA\MUSIC.BGA
[00:43:31.154] [    info] [loader] Win32 DOS file I/O #147 op=seek handle=0x0005 before=0x0000218C after=0x0000218C origin=0x01 offset=0 requested=0 actual=0 error=0x0000 eip=0x00000000 esp=0x00000000 stack=[0x00000000 0x00000000 0x00000000 0x00000000 0x00000000 0x00000000 0x00000000 0x00000000] prefix=[] path=E:\MYWORK\Projects\rePIU\build\runtime_mounts\pumpit1\PIU\DATAS\BGA\MUSIC.BGA
[00:43:31.154] [    info] [loader] Win32 DOS file I/O #148 op=seek handle=0x0005 before=0x0000218C after=0x0000218C origin=0x00 offset=8588 requested=0 actual=0 error=0x0000 eip=0x00000000 esp=0x00000000 stack=[0x00000000 0x00000000 0x00000000 0x00000000 0x00000000 0x00000000 0x00000000 0x00000000] prefix=[] path=E:\MYWORK\Projects\rePIU\build\runtime_mounts\pumpit1\PIU\DATAS\BGA\MUSIC.BGA
[00:43:31.154] [    info] [loader] Win32 allocator probe observation count: 0
[00:43:31.154] [    info] [loader] Win32 allocator probe trace stored count: 0
[00:43:31.154] [    info] [loader] Win32 allocator probe trace wrapped: false
[00:43:31.154] [    info] [loader] Win32 allocator control-flow observation count: 0
[00:43:31.154] [    info] [loader] Win32 allocator control-flow trace stored count: 0
[00:43:31.154] [    info] [loader] Win32 allocator control-flow trace wrapped: false
[00:43:31.154] [    info] [loader] Win32 allocator null link transition valid: false
[00:43:31.154] [    info] [loader] Win32 allocator poison link transition valid: false
[00:43:31.154] [    info] [loader] Win32 allocator root-null link transition valid: false
[00:43:31.154] [    info] [loader] Win32 handled DOS interrupt count: 1304
[00:43:31.154] [    info] [loader] Win32 last handled DOS interrupt vector: 0x31
[00:43:31.154] [    info] [loader] Win32 last handled DOS interrupt AH: 0x03
[00:43:31.154] [    info] [loader] Win32 last handled DOS interrupt AX: 0x0300
[00:43:31.154] [    info] [loader] Win32 handled DOS chdir count: 580
[00:43:31.154] [    info] [loader] Win32 last DOS chdir guest path: C:\PIU
[00:43:31.154] [    info] [loader] Win32 last DOS chdir virtual path: \PIU
[00:43:31.154] [    info] [loader] Win32 last DOS chdir host path: E:\MYWORK\Projects\rePIU\build\runtime_mounts\pumpit1\PIU
[00:43:31.154] [    info] [loader] Win32 last DOS chdir result: success
[00:43:31.154] [    info] [loader] Win32 handled DOS getcwd count: 1
[00:43:31.154] [    info] [loader] Win32 last DOS getcwd drive: 0x00
[00:43:31.154] [    info] [loader] Win32 last DOS getcwd path: PIU
[00:43:31.154] [    info] [loader] Win32 last DOS getcwd result: success
[00:43:31.154] [    info] [loader] Win32 handled DOS get drive count: 1
[00:43:31.154] [    info] [loader] Win32 last DOS get drive value: 0x02
[00:43:31.154] [    info] [loader] Win32 handled DOS open count: 34
[00:43:31.154] [    info] [loader] Win32 last DOS open guest path: music.BGA
[00:43:31.154] [    info] [loader] Win32 last DOS open virtual path: \PIU\DATAS\BGA\MUSIC.BGA
[00:43:31.154] [    info] [loader] Win32 last DOS open host path: E:\MYWORK\Projects\rePIU\build\runtime_mounts\pumpit1\PIU\DATAS\BGA\MUSIC.BGA
[00:43:31.154] [    info] [loader] Win32 last DOS open access mode: 0x00
[00:43:31.154] [    info] [loader] Win32 last DOS open result: success
[00:43:31.154] [    info] [loader] Win32 last DOS open handle: 0x0005
[00:43:31.154] [    info] [loader] Win32 handled DOS read count: 77
[00:43:31.154] [    info] [loader] Win32 last DOS read handle: 0x0005
[00:43:31.154] [    info] [loader] Win32 last DOS read requested bytes: 4096
[00:43:31.154] [    info] [loader] Win32 last DOS read actual bytes: 396
[00:43:31.154] [    info] [loader] Win32 last DOS read buffer: 0x043476F0
[00:43:31.154] [    info] [loader] Win32 last DOS read result: success
[00:43:31.154] [    info] [loader] Win32 handled DOS seek count: 71
[00:43:31.154] [    info] [loader] Win32 last DOS seek handle: 0x0005
[00:43:31.154] [    info] [loader] Win32 last DOS seek origin: 0x00
[00:43:31.154] [    info] [loader] Win32 last DOS seek offset: 8588
[00:43:31.154] [    info] [loader] Win32 last DOS seek position: 8588
[00:43:31.154] [    info] [loader] Win32 last DOS seek result: success
[00:43:31.154] [    info] [loader] Win32 handled DOS close count: 34
[00:43:31.154] [    info] [loader] Win32 last DOS close handle: 0x0005
[00:43:31.154] [    info] [loader] Win32 last DOS close result: success
[00:43:31.154] [    info] [loader] Win32 handled DOS IOCTL count: 103
[00:43:31.154] [    info] [loader] Win32 last DOS IOCTL subfunction: 0x00
[00:43:31.154] [    info] [loader] Win32 last DOS IOCTL handle: 0x0005
[00:43:31.154] [    info] [loader] Win32 last DOS IOCTL result: success
[00:43:31.154] [    info] [loader] Win32 last DOS IOCTL device info: 0x0000
[00:43:31.154] [    info] [loader] Win32 handled DOS resize count: 278
[00:43:31.154] [    info] [loader] Win32 last DOS resize selector: 0x002B
[00:43:31.154] [    info] [loader] Win32 last DOS resize paragraphs: 0xE500
[00:43:31.154] [    info] [loader] Win32 last DOS resize result: success
[00:43:31.154] [    info] [loader] Win32 last DOS resize requested end: 0x092E5000
[00:43:31.154] [    info] [loader] Win32 last DOS resize allocator end: 0x092E5000
[00:43:31.154] [    info] [loader] Win32 handled segment load count: 21617
[00:43:31.154] [    info] [loader] Win32 last handled segment load address: 0x030F694D
[00:43:31.154] [    info] [loader] Win32 last handled segment load opcode: 0x8E
[00:43:31.154] [    info] [loader] Win32 last handled segment register: ES
[00:43:31.154] [    info] [loader] Win32 last handled segment selector: 0x002B
[00:43:31.154] [    info] [loader] Win32 segment load trace stored count: 16
[00:43:31.154] [    info] [loader] Win32 segment load trace wrapped: true
[00:43:31.154] [    info] [loader] Win32 segment load trace #21602 offset=0x000F6E8A register=ES selector=0x002B source=0x00000000
[00:43:31.154] [    info] [loader] Win32 segment load trace #21603 offset=0x000F6CD7 register=ES selector=0x002B source=0x00000000
[00:43:31.154] [    info] [loader] Win32 segment load trace #21604 offset=0x000F6CD7 register=ES selector=0x002B source=0x00000000
[00:43:31.154] [    info] [loader] Win32 segment load trace #21605 offset=0x000F694D register=ES selector=0x002B source=0x00000000
[00:43:31.154] [    info] [loader] Win32 segment load trace #21606 offset=0x000F6E8A register=ES selector=0x002B source=0x00000000
[00:43:31.154] [    info] [loader] Win32 segment load trace #21607 offset=0x000F6CD7 register=ES selector=0x002B source=0x00000000
[00:43:31.154] [    info] [loader] Win32 segment load trace #21608 offset=0x000F6CD7 register=ES selector=0x002B source=0x00000000
[00:43:31.154] [    info] [loader] Win32 segment load trace #21609 offset=0x000F694D register=ES selector=0x002B source=0x00000000
[00:43:31.155] [    info] [loader] Win32 segment load trace #21610 offset=0x000F6E8A register=ES selector=0x002B source=0x00000000
[00:43:31.155] [    info] [loader] Win32 segment load trace #21611 offset=0x000F6CD7 register=ES selector=0x002B source=0x00000000
[00:43:31.155] [    info] [loader] Win32 segment load trace #21612 offset=0x000F6CD7 register=ES selector=0x002B source=0x00000000
[00:43:31.155] [    info] [loader] Win32 segment load trace #21613 offset=0x000F694D register=ES selector=0x002B source=0x00000000
[00:43:31.155] [    info] [loader] Win32 segment load trace #21614 offset=0x000F6E8A register=ES selector=0x002B source=0x00000000
[00:43:31.155] [    info] [loader] Win32 segment load trace #21615 offset=0x000F6CD7 register=ES selector=0x002B source=0x00000000
[00:43:31.155] [    info] [loader] Win32 segment load trace #21616 offset=0x000F6CD7 register=ES selector=0x002B source=0x00000000
[00:43:31.155] [    info] [loader] Win32 segment load trace #21617 offset=0x000F694D register=ES selector=0x002B source=0x00000000
[00:43:31.155] [    info] [loader] Win32 handled segment store count: 19785
[00:43:31.155] [    info] [loader] Win32 last handled segment store address: 0x030F7346
[00:43:31.155] [    info] [loader] Win32 last handled segment store opcode: 0x8C
[00:43:31.155] [    info] [loader] Win32 last stored segment register: ES
[00:43:31.155] [    info] [loader] Win32 last stored segment selector: 0x002B
[00:43:31.155] [    info] [loader] Win32 last segment store destination: 0x00000002
[00:43:31.155] [    info] [loader] Win32 handled segment memory load count: 7307
[00:43:31.155] [    info] [loader] Win32 last handled segment memory load address: 0x030FC777
[00:43:31.155] [    info] [loader] Win32 last handled segment memory load opcode: 0x80
[00:43:31.155] [    info] [loader] Win32 last segment memory load register: ES
[00:43:31.155] [    info] [loader] Win32 last segment memory load selector: 0x0053
[00:43:31.155] [    info] [loader] Win32 last segment memory load offset: 0x00000000
[00:43:31.155] [    info] [loader] Win32 last segment memory load width: 1
[00:43:31.155] [    info] [loader] Win32 last segment memory load value: 0x00
[00:43:31.155] [    info] [loader] Win32 handled low-memory access count: 7902
[00:43:31.155] [    info] [loader] Win32 last low-memory access address: 0x030F4A9A
[00:43:31.155] [    info] [loader] Win32 last low-memory access opcode: 0x8A
[00:43:31.155] [    info] [loader] Win32 last low-memory access ESI: 0x0325705C
[00:43:31.155] [    info] [loader] Win32 last low-memory access EDI: 0x035D6C54
[00:43:31.155] [    info] [loader] Win32 last low-memory access destination: 0x00000000
[00:43:31.155] [    info] [loader] Win32 last low-memory access value: 0x00000000
[00:43:31.155] [    info] [loader] Win32 low-memory read emulate count: 596
[00:43:31.155] [    info] [loader] Win32 low-memory read emulate debug stage: 4
[00:43:31.155] [    info] [loader] Win32 low-memory read emulate debug decode result: 0x000001D1
[00:43:31.155] [    info] [loader] Win32 low-memory read emulate debug calculated address: 0x00000001
[00:43:31.155] [    info] [loader] Win32 last low-memory read emulate address: 0x00000000
[00:43:31.155] [    info] [loader] Win32 last low-memory read emulate EIP: 0x030F4A98
[00:43:31.155] [    info] [loader] Win32 last low-memory read emulate value: 0x00000000
[00:43:31.155] [    info] [loader] Win32 last low-memory read emulate reg: 1
[00:43:31.155] [    info] [loader] Win32 handled memory store count: 2
[00:43:31.155] [    info] [loader] Win32 last handled memory store address: 0x030F3FC8
[00:43:31.155] [    info] [loader] Win32 last memory store opcode: 0x6689
[00:43:31.155] [    info] [loader] Win32 last memory store width: 2
[00:43:31.155] [    info] [loader] Win32 last memory store source kind: mov-reg16
[00:43:31.155] [    info] [loader] Win32 last memory store destination: 0x03100002
[00:43:31.155] [    info] [loader] Win32 last memory store value: 0x00000023
[00:43:31.155] [    info] [loader] Win32 last memory store applied: true
[00:43:31.155] [    info] [loader] Win32 shadow memory write count: 0
[00:43:31.155] [    info] [loader] Win32 REP MOVS safe-copy failure count: 0
[00:43:31.155] [    info] [loader] Win32 shadow memory read hit count: 0
[00:43:31.155] [    info] [loader] Win32 shadow memory byte count: 0
[00:43:31.155] [    info] [loader] Win32 shadow memory range valid: false
[00:43:31.155] [    info] [loader] Win32 minimal execution thread exit code: 0
[00:43:31.155] [    info] [loader] Win32 DOS termination captured: false
[00:43:31.155] [    info] [loader] Win32 minimal execution message: minimal execution stopped by SDL exit request
[00:43:31.162] [   error] [loader] Relocated exception byte window: valid
[00:43:31.162] [   error] [loader] Relocated exception byte window message: relocated image byte window is ready
[00:43:31.162] [   error] [loader] Relocated exception byte object: 2
[00:43:31.162] [   error] [loader] Relocated exception byte base: 0x03042F70
[00:43:31.162] [   error] [loader] Relocated exception byte focus offset: 0x00000010
[00:43:31.162] [   error] [loader] Relocated exception bytes: 4D 2D 0B 00 E8 52 2D 0B 00 0F A9 0F A1 07 1F 61 [CF] 68 08 00 00 00 E8 F9 26 0B 00 52 BA 36 00 00 00
